County,District,Existing in CIBAR,Police Department (Current CIBAR),Police Department (Expected),Department Match,Police Precinct,Police Station / Substation,Station Resolution Quality,Prosecutors Office (Current CIBAR),Prosecutors Office (Expected),District Court (Current CIBAR),District Court (Expected),Justice Match,Area Code (Current CIBAR),Area Code (Expected),Area Code Match,Confidence,Source / Notes
臺北市,中正區,no,臺北市政府警察局,臺北市政府警察局,yes,unknown — not in CIBAR,unknown — no jurisdiction dataset,unknown,臺灣臺北地方檢察署,臺灣臺北地方檢察署,臺灣臺北地方法院,臺灣臺北地方法院,yes,02,02,yes,A (division/department/area); X (precinct/station); A (listed justice exceptions),MOI/NPA/Judicial Yuan/NCC; see audit source register
臺北市,大同區,no,臺北市政府警察局,臺北市政府警察局,yes,unknown — not in CIBAR,unknown — no jurisdiction dataset,unknown,臺灣臺北地方檢察署,臺灣臺北地方檢察署,臺灣臺北地方法院,臺灣臺北地方法院,yes,02,02,yes,A (division/department/area); X (precinct/station); A (listed justice exceptions),MOI/NPA/Judicial Yuan/NCC; see audit source register
臺北市,中山區,yes,臺北市政府警察局,臺北市政府警察局,yes,unknown — not in CIBAR,unknown — no jurisdiction dataset,unknown,臺灣臺北地方檢察署,臺灣臺北地方檢察署,臺灣臺北地方法院,臺灣臺北地方法院,yes,02,02,yes,A (division/department/area); X (precinct/station); A (listed justice exceptions),MOI/NPA/Judicial Yuan/NCC; see audit source register
臺北市,松山區,no,臺北市政府警察局,臺北市政府警察局,yes,unknown — not in CIBAR,unknown — no jurisdiction dataset,unknown,臺灣臺北地方檢察署,臺灣臺北地方檢察署,臺灣臺北地方法院,臺灣臺北地方法院,yes,02,02,yes,A (division/department/area); X (precinct/station); A (listed justice exceptions),MOI/NPA/Judicial Yuan/NCC; see audit source register
臺北市,大安區,yes,臺北市政府警察局,臺北市政府警察局,yes,unknown — not in CIBAR,unknown — no jurisdiction dataset,unknown,臺灣臺北地方檢察署,臺灣臺北地方檢察署,臺灣臺北地方法院,臺灣臺北地方法院,yes,02,02,yes,A (division/department/area); X (precinct/station); A (listed justice exceptions),MOI/NPA/Judicial Yuan/NCC; see audit source register
臺北市,萬華區,no,臺北市政府警察局,臺北市政府警察局,yes,unknown — not in CIBAR,unknown — no jurisdiction dataset,unknown,臺灣臺北地方檢察署,臺灣臺北地方檢察署,臺灣臺北地方法院,臺灣臺北地方法院,yes,02,02,yes,A (division/department/area); X (precinct/station); A (listed justice exceptions),MOI/NPA/Judicial Yuan/NCC; see audit source register
臺北市,信義區,yes,臺北市政府警察局,臺北市政府警察局,yes,unknown — not in CIBAR,unknown — no jurisdiction dataset,unknown,臺灣臺北地方檢察署,臺灣臺北地方檢察署,臺灣臺北地方法院,臺灣臺北地方法院,yes,02,02,yes,A (division/department/area); X (precinct/station); A (listed justice exceptions),MOI/NPA/Judicial Yuan/NCC; see audit source register
臺北市,士林區,no,臺北市政府警察局,臺北市政府警察局,yes,unknown — not in CIBAR,unknown — no jurisdiction dataset,unknown,臺灣臺北地方檢察署,臺灣士林地方檢察署,臺灣臺北地方法院,臺灣士林地方法院,no,02,02,yes,A (division/department/area); X (precinct/station); A (listed justice exceptions),MOI/NPA/Judicial Yuan/NCC; see audit source register
臺北市,北投區,no,臺北市政府警察局,臺北市政府警察局,yes,unknown — not in CIBAR,unknown — no jurisdiction dataset,unknown,臺灣臺北地方檢察署,臺灣士林地方檢察署,臺灣臺北地方法院,臺灣士林地方法院,no,02,02,yes,A (division/department/area); X (precinct/station); A (listed justice exceptions),MOI/NPA/Judicial Yuan/NCC; see audit source register
臺北市,內湖區,no,臺北市政府警察局,臺北市政府警察局,yes,unknown — not in CIBAR,unknown — no jurisdiction dataset,unknown,臺灣臺北地方檢察署,臺灣臺北地方檢察署,臺灣臺北地方法院,臺灣臺北地方法院,yes,02,02,yes,A (division/department/area); X (precinct/station); A (listed justice exceptions),MOI/NPA/Judicial Yuan/NCC; see audit source register
臺北市,南港區,no,臺北市政府警察局,臺北市政府警察局,yes,unknown — not in CIBAR,unknown — no jurisdiction dataset,unknown,臺灣臺北地方檢察署,臺灣臺北地方檢察署,臺灣臺北地方法院,臺灣臺北地方法院,yes,02,02,yes,A (division/department/area); X (precinct/station); A (listed justice exceptions),MOI/NPA/Judicial Yuan/NCC; see audit source register
臺北市,文山區,no,臺北市政府警察局,臺北市政府警察局,yes,unknown — not in CIBAR,unknown — no jurisdiction dataset,unknown,臺灣臺北地方檢察署,臺灣臺北地方檢察署,臺灣臺北地方法院,臺灣臺北地方法院,yes,02,02,yes,A (division/department/area); X (precinct/station); A (listed justice exceptions),MOI/NPA/Judicial Yuan/NCC; see audit source register
新北市,萬里區,no,新北市政府警察局,新北市政府警察局,yes,unknown — not in CIBAR,unknown — no jurisdiction dataset,unknown,臺灣新北地方檢察署,臺灣新北地方檢察署,臺灣新北地方法院,臺灣新北地方法院,yes,02,02,yes,A (division/department/area); X (precinct/station); A (listed justice exceptions),MOI/NPA/Judicial Yuan/NCC; see audit source register
新北市,金山區,no,新北市政府警察局,新北市政府警察局,yes,unknown — not in CIBAR,unknown — no jurisdiction dataset,unknown,臺灣新北地方檢察署,臺灣新北地方檢察署,臺灣新北地方法院,臺灣新北地方法院,yes,02,02,yes,A (division/department/area); X (precinct/station); A (listed justice exceptions),MOI/NPA/Judicial Yuan/NCC; see audit source register
新北市,板橋區,yes,新北市政府警察局,新北市政府警察局,yes,unknown — not in CIBAR,unknown — no jurisdiction dataset,unknown,臺灣新北地方檢察署,臺灣新北地方檢察署,臺灣新北地方法院,臺灣新北地方法院,yes,02,02,yes,A (division/department/area); X (precinct/station); A (listed justice exceptions),MOI/NPA/Judicial Yuan/NCC; see audit source register
新北市,汐止區,no,新北市政府警察局,新北市政府警察局,yes,unknown — not in CIBAR,unknown — no jurisdiction dataset,unknown,臺灣新北地方檢察署,臺灣新北地方檢察署,臺灣新北地方法院,臺灣新北地方法院,yes,02,02,yes,A (division/department/area); X (precinct/station); A (listed justice exceptions),MOI/NPA/Judicial Yuan/NCC; see audit source register
新北市,深坑區,no,新北市政府警察局,新北市政府警察局,yes,unknown — not in CIBAR,unknown — no jurisdiction dataset,unknown,臺灣新北地方檢察署,臺灣臺北地方檢察署,臺灣新北地方法院,臺灣臺北地方法院,no,02,02,yes,A (division/department/area); X (precinct/station); A (listed justice exceptions),MOI/NPA/Judicial Yuan/NCC; see audit source register
新北市,石碇區,no,新北市政府警察局,新北市政府警察局,yes,unknown — not in CIBAR,unknown — no jurisdiction dataset,unknown,臺灣新北地方檢察署,臺灣臺北地方檢察署,臺灣新北地方法院,臺灣臺北地方法院,no,02,02,yes,A (division/department/area); X (precinct/station); A (listed justice exceptions),MOI/NPA/Judicial Yuan/NCC; see audit source register
新北市,瑞芳區,no,新北市政府警察局,新北市政府警察局,yes,unknown — not in CIBAR,unknown — no jurisdiction dataset,unknown,臺灣新北地方檢察署,臺灣基隆地方檢察署,臺灣新北地方法院,臺灣基隆地方法院,no,02,02,yes,A (division/department/area); X (precinct/station); A (listed justice exceptions),MOI/NPA/Judicial Yuan/NCC; see audit source register
新北市,平溪區,no,新北市政府警察局,新北市政府警察局,yes,unknown — not in CIBAR,unknown — no jurisdiction dataset,unknown,臺灣新北地方檢察署,臺灣基隆地方檢察署,臺灣新北地方法院,臺灣基隆地方法院,no,02,02,yes,A (division/department/area); X (precinct/station); A (listed justice exceptions),MOI/NPA/Judicial Yuan/NCC; see audit source register
新北市,雙溪區,no,新北市政府警察局,新北市政府警察局,yes,unknown — not in CIBAR,unknown — no jurisdiction dataset,unknown,臺灣新北地方檢察署,臺灣基隆地方檢察署,臺灣新北地方法院,臺灣基隆地方法院,no,02,02,yes,A (division/department/area); X (precinct/station); A (listed justice exceptions),MOI/NPA/Judicial Yuan/NCC; see audit source register
新北市,貢寮區,no,新北市政府警察局,新北市政府警察局,yes,unknown — not in CIBAR,unknown — no jurisdiction dataset,unknown,臺灣新北地方檢察署,臺灣基隆地方檢察署,臺灣新北地方法院,臺灣基隆地方法院,no,02,02,yes,A (division/department/area); X (precinct/station); A (listed justice exceptions),MOI/NPA/Judicial Yuan/NCC; see audit source register
新北市,新店區,no,新北市政府警察局,新北市政府警察局,yes,unknown — not in CIBAR,unknown — no jurisdiction dataset,unknown,臺灣新北地方檢察署,臺灣臺北地方檢察署,臺灣新北地方法院,臺灣臺北地方法院,no,02,02,yes,A (division/department/area); X (precinct/station); A (listed justice exceptions),MOI/NPA/Judicial Yuan/NCC; see audit source register
新北市,坪林區,no,新北市政府警察局,新北市政府警察局,yes,unknown — not in CIBAR,unknown — no jurisdiction dataset,unknown,臺灣新北地方檢察署,臺灣臺北地方檢察署,臺灣新北地方法院,臺灣臺北地方法院,no,02,02,yes,A (division/department/area); X (precinct/station); A (listed justice exceptions),MOI/NPA/Judicial Yuan/NCC; see audit source register
新北市,烏來區,no,新北市政府警察局,新北市政府警察局,yes,unknown — not in CIBAR,unknown — no jurisdiction dataset,unknown,臺灣新北地方檢察署,臺灣臺北地方檢察署,臺灣新北地方法院,臺灣臺北地方法院,no,02,02,yes,A (division/department/area); X (precinct/station); A (listed justice exceptions),MOI/NPA/Judicial Yuan/NCC; see audit source register
新北市,永和區,no,新北市政府警察局,新北市政府警察局,yes,unknown — not in CIBAR,unknown — no jurisdiction dataset,unknown,臺灣新北地方檢察署,臺灣新北地方檢察署,臺灣新北地方法院,臺灣新北地方法院,yes,02,02,yes,A (division/department/area); X (precinct/station); A (listed justice exceptions),MOI/NPA/Judicial Yuan/NCC; see audit source register
新北市,中和區,no,新北市政府警察局,新北市政府警察局,yes,unknown — not in CIBAR,unknown — no jurisdiction dataset,unknown,臺灣新北地方檢察署,臺灣新北地方檢察署,臺灣新北地方法院,臺灣新北地方法院,yes,02,02,yes,A (division/department/area); X (precinct/station); A (listed justice exceptions),MOI/NPA/Judicial Yuan/NCC; see audit source register
新北市,土城區,no,新北市政府警察局,新北市政府警察局,yes,unknown — not in CIBAR,unknown — no jurisdiction dataset,unknown,臺灣新北地方檢察署,臺灣新北地方檢察署,臺灣新北地方法院,臺灣新北地方法院,yes,02,02,yes,A (division/department/area); X (precinct/station); A (listed justice exceptions),MOI/NPA/Judicial Yuan/NCC; see audit source register
新北市,三峽區,no,新北市政府警察局,新北市政府警察局,yes,unknown — not in CIBAR,unknown — no jurisdiction dataset,unknown,臺灣新北地方檢察署,臺灣新北地方檢察署,臺灣新北地方法院,臺灣新北地方法院,yes,02,02,yes,A (division/department/area); X (precinct/station); A (listed justice exceptions),MOI/NPA/Judicial Yuan/NCC; see audit source register
新北市,樹林區,no,新北市政府警察局,新北市政府警察局,yes,unknown — not in CIBAR,unknown — no jurisdiction dataset,unknown,臺灣新北地方檢察署,臺灣新北地方檢察署,臺灣新北地方法院,臺灣新北地方法院,yes,02,02,yes,A (division/department/area); X (precinct/station); A (listed justice exceptions),MOI/NPA/Judicial Yuan/NCC; see audit source register
新北市,鶯歌區,no,新北市政府警察局,新北市政府警察局,yes,unknown — not in CIBAR,unknown — no jurisdiction dataset,unknown,臺灣新北地方檢察署,臺灣新北地方檢察署,臺灣新北地方法院,臺灣新北地方法院,yes,02,02,yes,A (division/department/area); X (precinct/station); A (listed justice exceptions),MOI/NPA/Judicial Yuan/NCC; see audit source register
新北市,三重區,yes,新北市政府警察局,新北市政府警察局,yes,unknown — not in CIBAR,unknown — no jurisdiction dataset,unknown,臺灣新北地方檢察署,臺灣新北地方檢察署,臺灣新北地方法院,臺灣新北地方法院,yes,02,02,yes,A (division/department/area); X (precinct/station); A (listed justice exceptions),MOI/NPA/Judicial Yuan/NCC; see audit source register
新北市,新莊區,yes,新北市政府警察局,新北市政府警察局,yes,unknown — not in CIBAR,unknown — no jurisdiction dataset,unknown,臺灣新北地方檢察署,臺灣新北地方檢察署,臺灣新北地方法院,臺灣新北地方法院,yes,02,02,yes,A (division/department/area); X (precinct/station); A (listed justice exceptions),MOI/NPA/Judicial Yuan/NCC; see audit source register
新北市,泰山區,no,新北市政府警察局,新北市政府警察局,yes,unknown — not in CIBAR,unknown — no jurisdiction dataset,unknown,臺灣新北地方檢察署,臺灣新北地方檢察署,臺灣新北地方法院,臺灣新北地方法院,yes,02,02,yes,A (division/department/area); X (precinct/station); A (listed justice exceptions),MOI/NPA/Judicial Yuan/NCC; see audit source register
新北市,林口區,no,新北市政府警察局,新北市政府警察局,yes,unknown — not in CIBAR,unknown — no jurisdiction dataset,unknown,臺灣新北地方檢察署,臺灣新北地方檢察署,臺灣新北地方法院,臺灣新北地方法院,yes,02,02,yes,A (division/department/area); X (precinct/station); A (listed justice exceptions),MOI/NPA/Judicial Yuan/NCC; see audit source register
新北市,蘆洲區,no,新北市政府警察局,新北市政府警察局,yes,unknown — not in CIBAR,unknown — no jurisdiction dataset,unknown,臺灣新北地方檢察署,臺灣新北地方檢察署,臺灣新北地方法院,臺灣新北地方法院,yes,02,02,yes,A (division/department/area); X (precinct/station); A (listed justice exceptions),MOI/NPA/Judicial Yuan/NCC; see audit source register
新北市,五股區,no,新北市政府警察局,新北市政府警察局,yes,unknown — not in CIBAR,unknown — no jurisdiction dataset,unknown,臺灣新北地方檢察署,臺灣新北地方檢察署,臺灣新北地方法院,臺灣新北地方法院,yes,02,02,yes,A (division/department/area); X (precinct/station); A (listed justice exceptions),MOI/NPA/Judicial Yuan/NCC; see audit source register
新北市,八里區,no,新北市政府警察局,新北市政府警察局,yes,unknown — not in CIBAR,unknown — no jurisdiction dataset,unknown,臺灣新北地方檢察署,臺灣士林地方檢察署,臺灣新北地方法院,臺灣士林地方法院,no,02,02,yes,A (division/department/area); X (precinct/station); A (listed justice exceptions),MOI/NPA/Judicial Yuan/NCC; see audit source register
新北市,淡水區,no,新北市政府警察局,新北市政府警察局,yes,unknown — not in CIBAR,unknown — no jurisdiction dataset,unknown,臺灣新北地方檢察署,臺灣士林地方檢察署,臺灣新北地方法院,臺灣士林地方法院,no,02,02,yes,A (division/department/area); X (precinct/station); A (listed justice exceptions),MOI/NPA/Judicial Yuan/NCC; see audit source register
新北市,三芝區,no,新北市政府警察局,新北市政府警察局,yes,unknown — not in CIBAR,unknown — no jurisdiction dataset,unknown,臺灣新北地方檢察署,臺灣士林地方檢察署,臺灣新北地方法院,臺灣士林地方法院,no,02,02,yes,A (division/department/area); X (precinct/station); A (listed justice exceptions),MOI/NPA/Judicial Yuan/NCC; see audit source register
新北市,石門區,no,新北市政府警察局,新北市政府警察局,yes,unknown — not in CIBAR,unknown — no jurisdiction dataset,unknown,臺灣新北地方檢察署,臺灣士林地方檢察署,臺灣新北地方法院,臺灣士林地方法院,no,02,02,yes,A (division/department/area); X (precinct/station); A (listed justice exceptions),MOI/NPA/Judicial Yuan/NCC; see audit source register
桃園市,桃園區,yes,桃園市政府警察局,桃園市政府警察局,yes,unknown — not in CIBAR,unknown — no jurisdiction dataset,unknown,臺灣桃園地方檢察署,臺灣桃園地方檢察署,臺灣桃園地方法院,臺灣桃園地方法院,yes,03,03,yes,A (division/department/area); X (precinct/station); A (listed justice exceptions),MOI/NPA/Judicial Yuan/NCC; see audit source register
桃園市,中壢區,yes,桃園市政府警察局,桃園市政府警察局,yes,unknown — not in CIBAR,unknown — no jurisdiction dataset,unknown,臺灣桃園地方檢察署,臺灣桃園地方檢察署,臺灣桃園地方法院,臺灣桃園地方法院,yes,03,03,yes,A (division/department/area); X (precinct/station); A (listed justice exceptions),MOI/NPA/Judicial Yuan/NCC; see audit source register
桃園市,平鎮區,no,桃園市政府警察局,桃園市政府警察局,yes,unknown — not in CIBAR,unknown — no jurisdiction dataset,unknown,臺灣桃園地方檢察署,臺灣桃園地方檢察署,臺灣桃園地方法院,臺灣桃園地方法院,yes,03,03,yes,A (division/department/area); X (precinct/station); A (listed justice exceptions),MOI/NPA/Judicial Yuan/NCC; see audit source register
桃園市,八德區,no,桃園市政府警察局,桃園市政府警察局,yes,unknown — not in CIBAR,unknown — no jurisdiction dataset,unknown,臺灣桃園地方檢察署,臺灣桃園地方檢察署,臺灣桃園地方法院,臺灣桃園地方法院,yes,03,03,yes,A (division/department/area); X (precinct/station); A (listed justice exceptions),MOI/NPA/Judicial Yuan/NCC; see audit source register
桃園市,楊梅區,no,桃園市政府警察局,桃園市政府警察局,yes,unknown — not in CIBAR,unknown — no jurisdiction dataset,unknown,臺灣桃園地方檢察署,臺灣桃園地方檢察署,臺灣桃園地方法院,臺灣桃園地方法院,yes,03,03,yes,A (division/department/area); X (precinct/station); A (listed justice exceptions),MOI/NPA/Judicial Yuan/NCC; see audit source register
桃園市,蘆竹區,no,桃園市政府警察局,桃園市政府警察局,yes,unknown — not in CIBAR,unknown — no jurisdiction dataset,unknown,臺灣桃園地方檢察署,臺灣桃園地方檢察署,臺灣桃園地方法院,臺灣桃園地方法院,yes,03,03,yes,A (division/department/area); X (precinct/station); A (listed justice exceptions),MOI/NPA/Judicial Yuan/NCC; see audit source register
桃園市,大溪區,no,桃園市政府警察局,桃園市政府警察局,yes,unknown — not in CIBAR,unknown — no jurisdiction dataset,unknown,臺灣桃園地方檢察署,臺灣桃園地方檢察署,臺灣桃園地方法院,臺灣桃園地方法院,yes,03,03,yes,A (division/department/area); X (precinct/station); A (listed justice exceptions),MOI/NPA/Judicial Yuan/NCC; see audit source register
桃園市,龜山區,no,桃園市政府警察局,桃園市政府警察局,yes,unknown — not in CIBAR,unknown — no jurisdiction dataset,unknown,臺灣桃園地方檢察署,臺灣桃園地方檢察署,臺灣桃園地方法院,臺灣桃園地方法院,yes,03,03,yes,A (division/department/area); X (precinct/station); A (listed justice exceptions),MOI/NPA/Judicial Yuan/NCC; see audit source register
桃園市,大園區,no,桃園市政府警察局,桃園市政府警察局,yes,unknown — not in CIBAR,unknown — no jurisdiction dataset,unknown,臺灣桃園地方檢察署,臺灣桃園地方檢察署,臺灣桃園地方法院,臺灣桃園地方法院,yes,03,03,yes,A (division/department/area); X (precinct/station); A (listed justice exceptions),MOI/NPA/Judicial Yuan/NCC; see audit source register
桃園市,觀音區,no,桃園市政府警察局,桃園市政府警察局,yes,unknown — not in CIBAR,unknown — no jurisdiction dataset,unknown,臺灣桃園地方檢察署,臺灣桃園地方檢察署,臺灣桃園地方法院,臺灣桃園地方法院,yes,03,03,yes,A (division/department/area); X (precinct/station); A (listed justice exceptions),MOI/NPA/Judicial Yuan/NCC; see audit source register
桃園市,新屋區,no,桃園市政府警察局,桃園市政府警察局,yes,unknown — not in CIBAR,unknown — no jurisdiction dataset,unknown,臺灣桃園地方檢察署,臺灣桃園地方檢察署,臺灣桃園地方法院,臺灣桃園地方法院,yes,03,03,yes,A (division/department/area); X (precinct/station); A (listed justice exceptions),MOI/NPA/Judicial Yuan/NCC; see audit source register
桃園市,復興區,no,桃園市政府警察局,桃園市政府警察局,yes,unknown — not in CIBAR,unknown — no jurisdiction dataset,unknown,臺灣桃園地方檢察署,臺灣桃園地方檢察署,臺灣桃園地方法院,臺灣桃園地方法院,yes,03,03,yes,A (division/department/area); X (precinct/station); A (listed justice exceptions),MOI/NPA/Judicial Yuan/NCC; see audit source register
桃園市,龍潭區,no,桃園市政府警察局,桃園市政府警察局,yes,unknown — not in CIBAR,unknown — no jurisdiction dataset,unknown,臺灣桃園地方檢察署,臺灣桃園地方檢察署,臺灣桃園地方法院,臺灣桃園地方法院,yes,03,03,yes,A (division/department/area); X (precinct/station); A (listed justice exceptions),MOI/NPA/Judicial Yuan/NCC; see audit source register
臺中市,中區,yes,臺中市政府警察局,臺中市政府警察局,yes,unknown — not in CIBAR,unknown — no jurisdiction dataset,unknown,臺灣臺中地方檢察署,臺灣臺中地方檢察署,臺灣臺中地方法院,臺灣臺中地方法院,yes,04,04,yes,A (division/department/area); X (precinct/station); A (listed justice exceptions),MOI/NPA/Judicial Yuan/NCC; see audit source register
臺中市,東區,no,臺中市政府警察局,臺中市政府警察局,yes,unknown — not in CIBAR,unknown — no jurisdiction dataset,unknown,臺灣臺中地方檢察署,臺灣臺中地方檢察署,臺灣臺中地方法院,臺灣臺中地方法院,yes,04,04,yes,A (division/department/area); X (precinct/station); A (listed justice exceptions),MOI/NPA/Judicial Yuan/NCC; see audit source register
臺中市,南區,no,臺中市政府警察局,臺中市政府警察局,yes,unknown — not in CIBAR,unknown — no jurisdiction dataset,unknown,臺灣臺中地方檢察署,臺灣臺中地方檢察署,臺灣臺中地方法院,臺灣臺中地方法院,yes,04,04,yes,A (division/department/area); X (precinct/station); A (listed justice exceptions),MOI/NPA/Judicial Yuan/NCC; see audit source register
臺中市,西區,no,臺中市政府警察局,臺中市政府警察局,yes,unknown — not in CIBAR,unknown — no jurisdiction dataset,unknown,臺灣臺中地方檢察署,臺灣臺中地方檢察署,臺灣臺中地方法院,臺灣臺中地方法院,yes,04,04,yes,A (division/department/area); X (precinct/station); A (listed justice exceptions),MOI/NPA/Judicial Yuan/NCC; see audit source register
臺中市,北區,no,臺中市政府警察局,臺中市政府警察局,yes,unknown — not in CIBAR,unknown — no jurisdiction dataset,unknown,臺灣臺中地方檢察署,臺灣臺中地方檢察署,臺灣臺中地方法院,臺灣臺中地方法院,yes,04,04,yes,A (division/department/area); X (precinct/station); A (listed justice exceptions),MOI/NPA/Judicial Yuan/NCC; see audit source register
臺中市,西屯區,yes,臺中市政府警察局,臺中市政府警察局,yes,unknown — not in CIBAR,unknown — no jurisdiction dataset,unknown,臺灣臺中地方檢察署,臺灣臺中地方檢察署,臺灣臺中地方法院,臺灣臺中地方法院,yes,04,04,yes,A (division/department/area); X (precinct/station); A (listed justice exceptions),MOI/NPA/Judicial Yuan/NCC; see audit source register
臺中市,南屯區,no,臺中市政府警察局,臺中市政府警察局,yes,unknown — not in CIBAR,unknown — no jurisdiction dataset,unknown,臺灣臺中地方檢察署,臺灣臺中地方檢察署,臺灣臺中地方法院,臺灣臺中地方法院,yes,04,04,yes,A (division/department/area); X (precinct/station); A (listed justice exceptions),MOI/NPA/Judicial Yuan/NCC; see audit source register
臺中市,北屯區,yes,臺中市政府警察局,臺中市政府警察局,yes,unknown — not in CIBAR,unknown — no jurisdiction dataset,unknown,臺灣臺中地方檢察署,臺灣臺中地方檢察署,臺灣臺中地方法院,臺灣臺中地方法院,yes,04,04,yes,A (division/department/area); X (precinct/station); A (listed justice exceptions),MOI/NPA/Judicial Yuan/NCC; see audit source register
臺中市,豐原區,no,臺中市政府警察局,臺中市政府警察局,yes,unknown — not in CIBAR,unknown — no jurisdiction dataset,unknown,臺灣臺中地方檢察署,臺灣臺中地方檢察署,臺灣臺中地方法院,臺灣臺中地方法院,yes,04,04,yes,A (division/department/area); X (precinct/station); A (listed justice exceptions),MOI/NPA/Judicial Yuan/NCC; see audit source register
臺中市,東勢區,no,臺中市政府警察局,臺中市政府警察局,yes,unknown — not in CIBAR,unknown — no jurisdiction dataset,unknown,臺灣臺中地方檢察署,臺灣臺中地方檢察署,臺灣臺中地方法院,臺灣臺中地方法院,yes,04,04,yes,A (division/department/area); X (precinct/station); A (listed justice exceptions),MOI/NPA/Judicial Yuan/NCC; see audit source register
臺中市,大甲區,no,臺中市政府警察局,臺中市政府警察局,yes,unknown — not in CIBAR,unknown — no jurisdiction dataset,unknown,臺灣臺中地方檢察署,臺灣臺中地方檢察署,臺灣臺中地方法院,臺灣臺中地方法院,yes,04,04,yes,A (division/department/area); X (precinct/station); A (listed justice exceptions),MOI/NPA/Judicial Yuan/NCC; see audit source register
臺中市,清水區,no,臺中市政府警察局,臺中市政府警察局,yes,unknown — not in CIBAR,unknown — no jurisdiction dataset,unknown,臺灣臺中地方檢察署,臺灣臺中地方檢察署,臺灣臺中地方法院,臺灣臺中地方法院,yes,04,04,yes,A (division/department/area); X (precinct/station); A (listed justice exceptions),MOI/NPA/Judicial Yuan/NCC; see audit source register
臺中市,沙鹿區,no,臺中市政府警察局,臺中市政府警察局,yes,unknown — not in CIBAR,unknown — no jurisdiction dataset,unknown,臺灣臺中地方檢察署,臺灣臺中地方檢察署,臺灣臺中地方法院,臺灣臺中地方法院,yes,04,04,yes,A (division/department/area); X (precinct/station); A (listed justice exceptions),MOI/NPA/Judicial Yuan/NCC; see audit source register
臺中市,梧棲區,no,臺中市政府警察局,臺中市政府警察局,yes,unknown — not in CIBAR,unknown — no jurisdiction dataset,unknown,臺灣臺中地方檢察署,臺灣臺中地方檢察署,臺灣臺中地方法院,臺灣臺中地方法院,yes,04,04,yes,A (division/department/area); X (precinct/station); A (listed justice exceptions),MOI/NPA/Judicial Yuan/NCC; see audit source register
臺中市,后里區,no,臺中市政府警察局,臺中市政府警察局,yes,unknown — not in CIBAR,unknown — no jurisdiction dataset,unknown,臺灣臺中地方檢察署,臺灣臺中地方檢察署,臺灣臺中地方法院,臺灣臺中地方法院,yes,04,04,yes,A (division/department/area); X (precinct/station); A (listed justice exceptions),MOI/NPA/Judicial Yuan/NCC; see audit source register
臺中市,神岡區,no,臺中市政府警察局,臺中市政府警察局,yes,unknown — not in CIBAR,unknown — no jurisdiction dataset,unknown,臺灣臺中地方檢察署,臺灣臺中地方檢察署,臺灣臺中地方法院,臺灣臺中地方法院,yes,04,04,yes,A (division/department/area); X (precinct/station); A (listed justice exceptions),MOI/NPA/Judicial Yuan/NCC; see audit source register
臺中市,潭子區,no,臺中市政府警察局,臺中市政府警察局,yes,unknown — not in CIBAR,unknown — no jurisdiction dataset,unknown,臺灣臺中地方檢察署,臺灣臺中地方檢察署,臺灣臺中地方法院,臺灣臺中地方法院,yes,04,04,yes,A (division/department/area); X (precinct/station); A (listed justice exceptions),MOI/NPA/Judicial Yuan/NCC; see audit source register
臺中市,大雅區,no,臺中市政府警察局,臺中市政府警察局,yes,unknown — not in CIBAR,unknown — no jurisdiction dataset,unknown,臺灣臺中地方檢察署,臺灣臺中地方檢察署,臺灣臺中地方法院,臺灣臺中地方法院,yes,04,04,yes,A (division/department/area); X (precinct/station); A (listed justice exceptions),MOI/NPA/Judicial Yuan/NCC; see audit source register
臺中市,新社區,no,臺中市政府警察局,臺中市政府警察局,yes,unknown — not in CIBAR,unknown — no jurisdiction dataset,unknown,臺灣臺中地方檢察署,臺灣臺中地方檢察署,臺灣臺中地方法院,臺灣臺中地方法院,yes,04,04,yes,A (division/department/area); X (precinct/station); A (listed justice exceptions),MOI/NPA/Judicial Yuan/NCC; see audit source register
臺中市,石岡區,no,臺中市政府警察局,臺中市政府警察局,yes,unknown — not in CIBAR,unknown — no jurisdiction dataset,unknown,臺灣臺中地方檢察署,臺灣臺中地方檢察署,臺灣臺中地方法院,臺灣臺中地方法院,yes,04,04,yes,A (division/department/area); X (precinct/station); A (listed justice exceptions),MOI/NPA/Judicial Yuan/NCC; see audit source register
臺中市,外埔區,no,臺中市政府警察局,臺中市政府警察局,yes,unknown — not in CIBAR,unknown — no jurisdiction dataset,unknown,臺灣臺中地方檢察署,臺灣臺中地方檢察署,臺灣臺中地方法院,臺灣臺中地方法院,yes,04,04,yes,A (division/department/area); X (precinct/station); A (listed justice exceptions),MOI/NPA/Judicial Yuan/NCC; see audit source register
臺中市,大安區,no,臺中市政府警察局,臺中市政府警察局,yes,unknown — not in CIBAR,unknown — no jurisdiction dataset,unknown,臺灣臺中地方檢察署,臺灣臺中地方檢察署,臺灣臺中地方法院,臺灣臺中地方法院,yes,04,04,yes,A (division/department/area); X (precinct/station); A (listed justice exceptions),MOI/NPA/Judicial Yuan/NCC; see audit source register
臺中市,烏日區,no,臺中市政府警察局,臺中市政府警察局,yes,unknown — not in CIBAR,unknown — no jurisdiction dataset,unknown,臺灣臺中地方檢察署,臺灣臺中地方檢察署,臺灣臺中地方法院,臺灣臺中地方法院,yes,04,04,yes,A (division/department/area); X (precinct/station); A (listed justice exceptions),MOI/NPA/Judicial Yuan/NCC; see audit source register
臺中市,大肚區,no,臺中市政府警察局,臺中市政府警察局,yes,unknown — not in CIBAR,unknown — no jurisdiction dataset,unknown,臺灣臺中地方檢察署,臺灣臺中地方檢察署,臺灣臺中地方法院,臺灣臺中地方法院,yes,04,04,yes,A (division/department/area); X (precinct/station); A (listed justice exceptions),MOI/NPA/Judicial Yuan/NCC; see audit source register
臺中市,龍井區,no,臺中市政府警察局,臺中市政府警察局,yes,unknown — not in CIBAR,unknown — no jurisdiction dataset,unknown,臺灣臺中地方檢察署,臺灣臺中地方檢察署,臺灣臺中地方法院,臺灣臺中地方法院,yes,04,04,yes,A (division/department/area); X (precinct/station); A (listed justice exceptions),MOI/NPA/Judicial Yuan/NCC; see audit source register
臺中市,霧峰區,no,臺中市政府警察局,臺中市政府警察局,yes,unknown — not in CIBAR,unknown — no jurisdiction dataset,unknown,臺灣臺中地方檢察署,臺灣臺中地方檢察署,臺灣臺中地方法院,臺灣臺中地方法院,yes,04,04,yes,A (division/department/area); X (precinct/station); A (listed justice exceptions),MOI/NPA/Judicial Yuan/NCC; see audit source register
臺中市,太平區,no,臺中市政府警察局,臺中市政府警察局,yes,unknown — not in CIBAR,unknown — no jurisdiction dataset,unknown,臺灣臺中地方檢察署,臺灣臺中地方檢察署,臺灣臺中地方法院,臺灣臺中地方法院,yes,04,04,yes,A (division/department/area); X (precinct/station); A (listed justice exceptions),MOI/NPA/Judicial Yuan/NCC; see audit source register
臺中市,大里區,no,臺中市政府警察局,臺中市政府警察局,yes,unknown — not in CIBAR,unknown — no jurisdiction dataset,unknown,臺灣臺中地方檢察署,臺灣臺中地方檢察署,臺灣臺中地方法院,臺灣臺中地方法院,yes,04,04,yes,A (division/department/area); X (precinct/station); A (listed justice exceptions),MOI/NPA/Judicial Yuan/NCC; see audit source register
臺中市,和平區,no,臺中市政府警察局,臺中市政府警察局,yes,unknown — not in CIBAR,unknown — no jurisdiction dataset,unknown,臺灣臺中地方檢察署,臺灣臺中地方檢察署,臺灣臺中地方法院,臺灣臺中地方法院,yes,04,04,yes,A (division/department/area); X (precinct/station); A (listed justice exceptions),MOI/NPA/Judicial Yuan/NCC; see audit source register
臺南市,新營區,no,臺南市政府警察局,臺南市政府警察局,yes,unknown — not in CIBAR,unknown — no jurisdiction dataset,unknown,臺灣臺南地方檢察署,臺灣臺南地方檢察署,臺灣臺南地方法院,臺灣臺南地方法院,yes,06,06,yes,A (division/department/area); X (precinct/station); A (listed justice exceptions),MOI/NPA/Judicial Yuan/NCC; see audit source register
臺南市,鹽水區,no,臺南市政府警察局,臺南市政府警察局,yes,unknown — not in CIBAR,unknown — no jurisdiction dataset,unknown,臺灣臺南地方檢察署,臺灣臺南地方檢察署,臺灣臺南地方法院,臺灣臺南地方法院,yes,06,06,yes,A (division/department/area); X (precinct/station); A (listed justice exceptions),MOI/NPA/Judicial Yuan/NCC; see audit source register
臺南市,白河區,no,臺南市政府警察局,臺南市政府警察局,yes,unknown — not in CIBAR,unknown — no jurisdiction dataset,unknown,臺灣臺南地方檢察署,臺灣臺南地方檢察署,臺灣臺南地方法院,臺灣臺南地方法院,yes,06,06,yes,A (division/department/area); X (precinct/station); A (listed justice exceptions),MOI/NPA/Judicial Yuan/NCC; see audit source register
臺南市,柳營區,no,臺南市政府警察局,臺南市政府警察局,yes,unknown — not in CIBAR,unknown — no jurisdiction dataset,unknown,臺灣臺南地方檢察署,臺灣臺南地方檢察署,臺灣臺南地方法院,臺灣臺南地方法院,yes,06,06,yes,A (division/department/area); X (precinct/station); A (listed justice exceptions),MOI/NPA/Judicial Yuan/NCC; see audit source register
臺南市,後壁區,no,臺南市政府警察局,臺南市政府警察局,yes,unknown — not in CIBAR,unknown — no jurisdiction dataset,unknown,臺灣臺南地方檢察署,臺灣臺南地方檢察署,臺灣臺南地方法院,臺灣臺南地方法院,yes,06,06,yes,A (division/department/area); X (precinct/station); A (listed justice exceptions),MOI/NPA/Judicial Yuan/NCC; see audit source register
臺南市,東山區,no,臺南市政府警察局,臺南市政府警察局,yes,unknown — not in CIBAR,unknown — no jurisdiction dataset,unknown,臺灣臺南地方檢察署,臺灣臺南地方檢察署,臺灣臺南地方法院,臺灣臺南地方法院,yes,06,06,yes,A (division/department/area); X (precinct/station); A (listed justice exceptions),MOI/NPA/Judicial Yuan/NCC; see audit source register
臺南市,麻豆區,no,臺南市政府警察局,臺南市政府警察局,yes,unknown — not in CIBAR,unknown — no jurisdiction dataset,unknown,臺灣臺南地方檢察署,臺灣臺南地方檢察署,臺灣臺南地方法院,臺灣臺南地方法院,yes,06,06,yes,A (division/department/area); X (precinct/station); A (listed justice exceptions),MOI/NPA/Judicial Yuan/NCC; see audit source register
臺南市,下營區,no,臺南市政府警察局,臺南市政府警察局,yes,unknown — not in CIBAR,unknown — no jurisdiction dataset,unknown,臺灣臺南地方檢察署,臺灣臺南地方檢察署,臺灣臺南地方法院,臺灣臺南地方法院,yes,06,06,yes,A (division/department/area); X (precinct/station); A (listed justice exceptions),MOI/NPA/Judicial Yuan/NCC; see audit source register
臺南市,六甲區,no,臺南市政府警察局,臺南市政府警察局,yes,unknown — not in CIBAR,unknown — no jurisdiction dataset,unknown,臺灣臺南地方檢察署,臺灣臺南地方檢察署,臺灣臺南地方法院,臺灣臺南地方法院,yes,06,06,yes,A (division/department/area); X (precinct/station); A (listed justice exceptions),MOI/NPA/Judicial Yuan/NCC; see audit source register
臺南市,官田區,no,臺南市政府警察局,臺南市政府警察局,yes,unknown — not in CIBAR,unknown — no jurisdiction dataset,unknown,臺灣臺南地方檢察署,臺灣臺南地方檢察署,臺灣臺南地方法院,臺灣臺南地方法院,yes,06,06,yes,A (division/department/area); X (precinct/station); A (listed justice exceptions),MOI/NPA/Judicial Yuan/NCC; see audit source register
臺南市,大內區,no,臺南市政府警察局,臺南市政府警察局,yes,unknown — not in CIBAR,unknown — no jurisdiction dataset,unknown,臺灣臺南地方檢察署,臺灣臺南地方檢察署,臺灣臺南地方法院,臺灣臺南地方法院,yes,06,06,yes,A (division/department/area); X (precinct/station); A (listed justice exceptions),MOI/NPA/Judicial Yuan/NCC; see audit source register
臺南市,佳里區,no,臺南市政府警察局,臺南市政府警察局,yes,unknown — not in CIBAR,unknown — no jurisdiction dataset,unknown,臺灣臺南地方檢察署,臺灣臺南地方檢察署,臺灣臺南地方法院,臺灣臺南地方法院,yes,06,06,yes,A (division/department/area); X (precinct/station); A (listed justice exceptions),MOI/NPA/Judicial Yuan/NCC; see audit source register
臺南市,學甲區,no,臺南市政府警察局,臺南市政府警察局,yes,unknown — not in CIBAR,unknown — no jurisdiction dataset,unknown,臺灣臺南地方檢察署,臺灣臺南地方檢察署,臺灣臺南地方法院,臺灣臺南地方法院,yes,06,06,yes,A (division/department/area); X (precinct/station); A (listed justice exceptions),MOI/NPA/Judicial Yuan/NCC; see audit source register
臺南市,西港區,no,臺南市政府警察局,臺南市政府警察局,yes,unknown — not in CIBAR,unknown — no jurisdiction dataset,unknown,臺灣臺南地方檢察署,臺灣臺南地方檢察署,臺灣臺南地方法院,臺灣臺南地方法院,yes,06,06,yes,A (division/department/area); X (precinct/station); A (listed justice exceptions),MOI/NPA/Judicial Yuan/NCC; see audit source register
臺南市,七股區,no,臺南市政府警察局,臺南市政府警察局,yes,unknown — not in CIBAR,unknown — no jurisdiction dataset,unknown,臺灣臺南地方檢察署,臺灣臺南地方檢察署,臺灣臺南地方法院,臺灣臺南地方法院,yes,06,06,yes,A (division/department/area); X (precinct/station); A (listed justice exceptions),MOI/NPA/Judicial Yuan/NCC; see audit source register
臺南市,將軍區,no,臺南市政府警察局,臺南市政府警察局,yes,unknown — not in CIBAR,unknown — no jurisdiction dataset,unknown,臺灣臺南地方檢察署,臺灣臺南地方檢察署,臺灣臺南地方法院,臺灣臺南地方法院,yes,06,06,yes,A (division/department/area); X (precinct/station); A (listed justice exceptions),MOI/NPA/Judicial Yuan/NCC; see audit source register
臺南市,北門區,no,臺南市政府警察局,臺南市政府警察局,yes,unknown — not in CIBAR,unknown — no jurisdiction dataset,unknown,臺灣臺南地方檢察署,臺灣臺南地方檢察署,臺灣臺南地方法院,臺灣臺南地方法院,yes,06,06,yes,A (division/department/area); X (precinct/station); A (listed justice exceptions),MOI/NPA/Judicial Yuan/NCC; see audit source register
臺南市,新化區,no,臺南市政府警察局,臺南市政府警察局,yes,unknown — not in CIBAR,unknown — no jurisdiction dataset,unknown,臺灣臺南地方檢察署,臺灣臺南地方檢察署,臺灣臺南地方法院,臺灣臺南地方法院,yes,06,06,yes,A (division/department/area); X (precinct/station); A (listed justice exceptions),MOI/NPA/Judicial Yuan/NCC; see audit source register
臺南市,善化區,no,臺南市政府警察局,臺南市政府警察局,yes,unknown — not in CIBAR,unknown — no jurisdiction dataset,unknown,臺灣臺南地方檢察署,臺灣臺南地方檢察署,臺灣臺南地方法院,臺灣臺南地方法院,yes,06,06,yes,A (division/department/area); X (precinct/station); A (listed justice exceptions),MOI/NPA/Judicial Yuan/NCC; see audit source register
臺南市,新市區,no,臺南市政府警察局,臺南市政府警察局,yes,unknown — not in CIBAR,unknown — no jurisdiction dataset,unknown,臺灣臺南地方檢察署,臺灣臺南地方檢察署,臺灣臺南地方法院,臺灣臺南地方法院,yes,06,06,yes,A (division/department/area); X (precinct/station); A (listed justice exceptions),MOI/NPA/Judicial Yuan/NCC; see audit source register
臺南市,安定區,no,臺南市政府警察局,臺南市政府警察局,yes,unknown — not in CIBAR,unknown — no jurisdiction dataset,unknown,臺灣臺南地方檢察署,臺灣臺南地方檢察署,臺灣臺南地方法院,臺灣臺南地方法院,yes,06,06,yes,A (division/department/area); X (precinct/station); A (listed justice exceptions),MOI/NPA/Judicial Yuan/NCC; see audit source register
臺南市,山上區,no,臺南市政府警察局,臺南市政府警察局,yes,unknown — not in CIBAR,unknown — no jurisdiction dataset,unknown,臺灣臺南地方檢察署,臺灣臺南地方檢察署,臺灣臺南地方法院,臺灣臺南地方法院,yes,06,06,yes,A (division/department/area); X (precinct/station); A (listed justice exceptions),MOI/NPA/Judicial Yuan/NCC; see audit source register
臺南市,玉井區,no,臺南市政府警察局,臺南市政府警察局,yes,unknown — not in CIBAR,unknown — no jurisdiction dataset,unknown,臺灣臺南地方檢察署,臺灣臺南地方檢察署,臺灣臺南地方法院,臺灣臺南地方法院,yes,06,06,yes,A (division/department/area); X (precinct/station); A (listed justice exceptions),MOI/NPA/Judicial Yuan/NCC; see audit source register
臺南市,楠西區,no,臺南市政府警察局,臺南市政府警察局,yes,unknown — not in CIBAR,unknown — no jurisdiction dataset,unknown,臺灣臺南地方檢察署,臺灣臺南地方檢察署,臺灣臺南地方法院,臺灣臺南地方法院,yes,06,06,yes,A (division/department/area); X (precinct/station); A (listed justice exceptions),MOI/NPA/Judicial Yuan/NCC; see audit source register
臺南市,南化區,no,臺南市政府警察局,臺南市政府警察局,yes,unknown — not in CIBAR,unknown — no jurisdiction dataset,unknown,臺灣臺南地方檢察署,臺灣臺南地方檢察署,臺灣臺南地方法院,臺灣臺南地方法院,yes,06,06,yes,A (division/department/area); X (precinct/station); A (listed justice exceptions),MOI/NPA/Judicial Yuan/NCC; see audit source register
臺南市,左鎮區,no,臺南市政府警察局,臺南市政府警察局,yes,unknown — not in CIBAR,unknown — no jurisdiction dataset,unknown,臺灣臺南地方檢察署,臺灣臺南地方檢察署,臺灣臺南地方法院,臺灣臺南地方法院,yes,06,06,yes,A (division/department/area); X (precinct/station); A (listed justice exceptions),MOI/NPA/Judicial Yuan/NCC; see audit source register
臺南市,仁德區,no,臺南市政府警察局,臺南市政府警察局,yes,unknown — not in CIBAR,unknown — no jurisdiction dataset,unknown,臺灣臺南地方檢察署,臺灣臺南地方檢察署,臺灣臺南地方法院,臺灣臺南地方法院,yes,06,06,yes,A (division/department/area); X (precinct/station); A (listed justice exceptions),MOI/NPA/Judicial Yuan/NCC; see audit source register
臺南市,歸仁區,no,臺南市政府警察局,臺南市政府警察局,yes,unknown — not in CIBAR,unknown — no jurisdiction dataset,unknown,臺灣臺南地方檢察署,臺灣臺南地方檢察署,臺灣臺南地方法院,臺灣臺南地方法院,yes,06,06,yes,A (division/department/area); X (precinct/station); A (listed justice exceptions),MOI/NPA/Judicial Yuan/NCC; see audit source register
臺南市,關廟區,no,臺南市政府警察局,臺南市政府警察局,yes,unknown — not in CIBAR,unknown — no jurisdiction dataset,unknown,臺灣臺南地方檢察署,臺灣臺南地方檢察署,臺灣臺南地方法院,臺灣臺南地方法院,yes,06,06,yes,A (division/department/area); X (precinct/station); A (listed justice exceptions),MOI/NPA/Judicial Yuan/NCC; see audit source register
臺南市,龍崎區,no,臺南市政府警察局,臺南市政府警察局,yes,unknown — not in CIBAR,unknown — no jurisdiction dataset,unknown,臺灣臺南地方檢察署,臺灣臺南地方檢察署,臺灣臺南地方法院,臺灣臺南地方法院,yes,06,06,yes,A (division/department/area); X (precinct/station); A (listed justice exceptions),MOI/NPA/Judicial Yuan/NCC; see audit source register
臺南市,永康區,yes,臺南市政府警察局,臺南市政府警察局,yes,unknown — not in CIBAR,unknown — no jurisdiction dataset,unknown,臺灣臺南地方檢察署,臺灣臺南地方檢察署,臺灣臺南地方法院,臺灣臺南地方法院,yes,06,06,yes,A (division/department/area); X (precinct/station); A (listed justice exceptions),MOI/NPA/Judicial Yuan/NCC; see audit source register
臺南市,東區,yes,臺南市政府警察局,臺南市政府警察局,yes,unknown — not in CIBAR,unknown — no jurisdiction dataset,unknown,臺灣臺南地方檢察署,臺灣臺南地方檢察署,臺灣臺南地方法院,臺灣臺南地方法院,yes,06,06,yes,A (division/department/area); X (precinct/station); A (listed justice exceptions),MOI/NPA/Judicial Yuan/NCC; see audit source register
臺南市,南區,no,臺南市政府警察局,臺南市政府警察局,yes,unknown — not in CIBAR,unknown — no jurisdiction dataset,unknown,臺灣臺南地方檢察署,臺灣臺南地方檢察署,臺灣臺南地方法院,臺灣臺南地方法院,yes,06,06,yes,A (division/department/area); X (precinct/station); A (listed justice exceptions),MOI/NPA/Judicial Yuan/NCC; see audit source register
臺南市,北區,no,臺南市政府警察局,臺南市政府警察局,yes,unknown — not in CIBAR,unknown — no jurisdiction dataset,unknown,臺灣臺南地方檢察署,臺灣臺南地方檢察署,臺灣臺南地方法院,臺灣臺南地方法院,yes,06,06,yes,A (division/department/area); X (precinct/station); A (listed justice exceptions),MOI/NPA/Judicial Yuan/NCC; see audit source register
臺南市,安南區,no,臺南市政府警察局,臺南市政府警察局,yes,unknown — not in CIBAR,unknown — no jurisdiction dataset,unknown,臺灣臺南地方檢察署,臺灣臺南地方檢察署,臺灣臺南地方法院,臺灣臺南地方法院,yes,06,06,yes,A (division/department/area); X (precinct/station); A (listed justice exceptions),MOI/NPA/Judicial Yuan/NCC; see audit source register
臺南市,安平區,no,臺南市政府警察局,臺南市政府警察局,yes,unknown — not in CIBAR,unknown — no jurisdiction dataset,unknown,臺灣臺南地方檢察署,臺灣臺南地方檢察署,臺灣臺南地方法院,臺灣臺南地方法院,yes,06,06,yes,A (division/department/area); X (precinct/station); A (listed justice exceptions),MOI/NPA/Judicial Yuan/NCC; see audit source register
臺南市,中西區,no,臺南市政府警察局,臺南市政府警察局,yes,unknown — not in CIBAR,unknown — no jurisdiction dataset,unknown,臺灣臺南地方檢察署,臺灣臺南地方檢察署,臺灣臺南地方法院,臺灣臺南地方法院,yes,06,06,yes,A (division/department/area); X (precinct/station); A (listed justice exceptions),MOI/NPA/Judicial Yuan/NCC; see audit source register
高雄市,鹽埕區,no,高雄市政府警察局,高雄市政府警察局,yes,unknown — not in CIBAR,unknown — no jurisdiction dataset,unknown,臺灣高雄地方檢察署,臺灣高雄地方檢察署,臺灣高雄地方法院,臺灣高雄地方法院,yes,07,07,yes,A (division/department/area); X (precinct/station); A (listed justice exceptions),MOI/NPA/Judicial Yuan/NCC; see audit source register
高雄市,鼓山區,no,高雄市政府警察局,高雄市政府警察局,yes,unknown — not in CIBAR,unknown — no jurisdiction dataset,unknown,臺灣高雄地方檢察署,臺灣高雄地方檢察署,臺灣高雄地方法院,臺灣高雄地方法院,yes,07,07,yes,A (division/department/area); X (precinct/station); A (listed justice exceptions),MOI/NPA/Judicial Yuan/NCC; see audit source register
高雄市,左營區,no,高雄市政府警察局,高雄市政府警察局,yes,unknown — not in CIBAR,unknown — no jurisdiction dataset,unknown,臺灣高雄地方檢察署,臺灣橋頭地方檢察署,臺灣高雄地方法院,臺灣橋頭地方法院,no,07,07,yes,A (division/department/area); X (precinct/station); A (listed justice exceptions),MOI/NPA/Judicial Yuan/NCC; see audit source register
高雄市,楠梓區,no,高雄市政府警察局,高雄市政府警察局,yes,unknown — not in CIBAR,unknown — no jurisdiction dataset,unknown,臺灣高雄地方檢察署,臺灣橋頭地方檢察署,臺灣高雄地方法院,臺灣橋頭地方法院,no,07,07,yes,A (division/department/area); X (precinct/station); A (listed justice exceptions),MOI/NPA/Judicial Yuan/NCC; see audit source register
高雄市,三民區,yes,高雄市政府警察局,高雄市政府警察局,yes,unknown — not in CIBAR,unknown — no jurisdiction dataset,unknown,臺灣高雄地方檢察署,臺灣高雄地方檢察署,臺灣高雄地方法院,臺灣高雄地方法院,yes,07,07,yes,A (division/department/area); X (precinct/station); A (listed justice exceptions),MOI/NPA/Judicial Yuan/NCC; see audit source register
高雄市,新興區,no,高雄市政府警察局,高雄市政府警察局,yes,unknown — not in CIBAR,unknown — no jurisdiction dataset,unknown,臺灣高雄地方檢察署,臺灣高雄地方檢察署,臺灣高雄地方法院,臺灣高雄地方法院,yes,07,07,yes,A (division/department/area); X (precinct/station); A (listed justice exceptions),MOI/NPA/Judicial Yuan/NCC; see audit source register
高雄市,前金區,no,高雄市政府警察局,高雄市政府警察局,yes,unknown — not in CIBAR,unknown — no jurisdiction dataset,unknown,臺灣高雄地方檢察署,臺灣高雄地方檢察署,臺灣高雄地方法院,臺灣高雄地方法院,yes,07,07,yes,A (division/department/area); X (precinct/station); A (listed justice exceptions),MOI/NPA/Judicial Yuan/NCC; see audit source register
高雄市,苓雅區,yes,高雄市政府警察局,高雄市政府警察局,yes,unknown — not in CIBAR,unknown — no jurisdiction dataset,unknown,臺灣高雄地方檢察署,臺灣高雄地方檢察署,臺灣高雄地方法院,臺灣高雄地方法院,yes,07,07,yes,A (division/department/area); X (precinct/station); A (listed justice exceptions),MOI/NPA/Judicial Yuan/NCC; see audit source register
高雄市,前鎮區,no,高雄市政府警察局,高雄市政府警察局,yes,unknown — not in CIBAR,unknown — no jurisdiction dataset,unknown,臺灣高雄地方檢察署,臺灣高雄地方檢察署,臺灣高雄地方法院,臺灣高雄地方法院,yes,07,07,yes,A (division/department/area); X (precinct/station); A (listed justice exceptions),MOI/NPA/Judicial Yuan/NCC; see audit source register
高雄市,旗津區,no,高雄市政府警察局,高雄市政府警察局,yes,unknown — not in CIBAR,unknown — no jurisdiction dataset,unknown,臺灣高雄地方檢察署,臺灣高雄地方檢察署,臺灣高雄地方法院,臺灣高雄地方法院,yes,07,07,yes,A (division/department/area); X (precinct/station); A (listed justice exceptions),MOI/NPA/Judicial Yuan/NCC; see audit source register
高雄市,小港區,no,高雄市政府警察局,高雄市政府警察局,yes,unknown — not in CIBAR,unknown — no jurisdiction dataset,unknown,臺灣高雄地方檢察署,臺灣高雄地方檢察署,臺灣高雄地方法院,臺灣高雄地方法院,yes,07,07,yes,A (division/department/area); X (precinct/station); A (listed justice exceptions),MOI/NPA/Judicial Yuan/NCC; see audit source register
高雄市,鳳山區,no,高雄市政府警察局,高雄市政府警察局,yes,unknown — not in CIBAR,unknown — no jurisdiction dataset,unknown,臺灣高雄地方檢察署,臺灣高雄地方檢察署,臺灣高雄地方法院,臺灣高雄地方法院,yes,07,07,yes,A (division/department/area); X (precinct/station); A (listed justice exceptions),MOI/NPA/Judicial Yuan/NCC; see audit source register
高雄市,林園區,no,高雄市政府警察局,高雄市政府警察局,yes,unknown — not in CIBAR,unknown — no jurisdiction dataset,unknown,臺灣高雄地方檢察署,臺灣高雄地方檢察署,臺灣高雄地方法院,臺灣高雄地方法院,yes,07,07,yes,A (division/department/area); X (precinct/station); A (listed justice exceptions),MOI/NPA/Judicial Yuan/NCC; see audit source register
高雄市,大寮區,no,高雄市政府警察局,高雄市政府警察局,yes,unknown — not in CIBAR,unknown — no jurisdiction dataset,unknown,臺灣高雄地方檢察署,臺灣高雄地方檢察署,臺灣高雄地方法院,臺灣高雄地方法院,yes,07,07,yes,A (division/department/area); X (precinct/station); A (listed justice exceptions),MOI/NPA/Judicial Yuan/NCC; see audit source register
高雄市,大樹區,no,高雄市政府警察局,高雄市政府警察局,yes,unknown — not in CIBAR,unknown — no jurisdiction dataset,unknown,臺灣高雄地方檢察署,臺灣高雄地方檢察署,臺灣高雄地方法院,臺灣高雄地方法院,yes,07,07,yes,A (division/department/area); X (precinct/station); A (listed justice exceptions),MOI/NPA/Judicial Yuan/NCC; see audit source register
高雄市,大社區,no,高雄市政府警察局,高雄市政府警察局,yes,unknown — not in CIBAR,unknown — no jurisdiction dataset,unknown,臺灣高雄地方檢察署,臺灣高雄地方檢察署,臺灣高雄地方法院,臺灣高雄地方法院,yes,07,07,yes,A (division/department/area); X (precinct/station); A (listed justice exceptions),MOI/NPA/Judicial Yuan/NCC; see audit source register
高雄市,仁武區,no,高雄市政府警察局,高雄市政府警察局,yes,unknown — not in CIBAR,unknown — no jurisdiction dataset,unknown,臺灣高雄地方檢察署,臺灣高雄地方檢察署,臺灣高雄地方法院,臺灣高雄地方法院,yes,07,07,yes,A (division/department/area); X (precinct/station); A (listed justice exceptions),MOI/NPA/Judicial Yuan/NCC; see audit source register
高雄市,鳥松區,no,高雄市政府警察局,高雄市政府警察局,yes,unknown — not in CIBAR,unknown — no jurisdiction dataset,unknown,臺灣高雄地方檢察署,臺灣高雄地方檢察署,臺灣高雄地方法院,臺灣高雄地方法院,yes,07,07,yes,A (division/department/area); X (precinct/station); A (listed justice exceptions),MOI/NPA/Judicial Yuan/NCC; see audit source register
高雄市,岡山區,no,高雄市政府警察局,高雄市政府警察局,yes,unknown — not in CIBAR,unknown — no jurisdiction dataset,unknown,臺灣高雄地方檢察署,臺灣橋頭地方檢察署,臺灣高雄地方法院,臺灣橋頭地方法院,no,07,07,yes,A (division/department/area); X (precinct/station); A (listed justice exceptions),MOI/NPA/Judicial Yuan/NCC; see audit source register
高雄市,橋頭區,no,高雄市政府警察局,高雄市政府警察局,yes,unknown — not in CIBAR,unknown — no jurisdiction dataset,unknown,臺灣高雄地方檢察署,臺灣橋頭地方檢察署,臺灣高雄地方法院,臺灣橋頭地方法院,no,07,07,yes,A (division/department/area); X (precinct/station); A (listed justice exceptions),MOI/NPA/Judicial Yuan/NCC; see audit source register
高雄市,燕巢區,no,高雄市政府警察局,高雄市政府警察局,yes,unknown — not in CIBAR,unknown — no jurisdiction dataset,unknown,臺灣高雄地方檢察署,臺灣橋頭地方檢察署,臺灣高雄地方法院,臺灣橋頭地方法院,no,07,07,yes,A (division/department/area); X (precinct/station); A (listed justice exceptions),MOI/NPA/Judicial Yuan/NCC; see audit source register
高雄市,田寮區,no,高雄市政府警察局,高雄市政府警察局,yes,unknown — not in CIBAR,unknown — no jurisdiction dataset,unknown,臺灣高雄地方檢察署,臺灣橋頭地方檢察署,臺灣高雄地方法院,臺灣橋頭地方法院,no,07,07,yes,A (division/department/area); X (precinct/station); A (listed justice exceptions),MOI/NPA/Judicial Yuan/NCC; see audit source register
高雄市,阿蓮區,no,高雄市政府警察局,高雄市政府警察局,yes,unknown — not in CIBAR,unknown — no jurisdiction dataset,unknown,臺灣高雄地方檢察署,臺灣橋頭地方檢察署,臺灣高雄地方法院,臺灣橋頭地方法院,no,07,07,yes,A (division/department/area); X (precinct/station); A (listed justice exceptions),MOI/NPA/Judicial Yuan/NCC; see audit source register
高雄市,路竹區,no,高雄市政府警察局,高雄市政府警察局,yes,unknown — not in CIBAR,unknown — no jurisdiction dataset,unknown,臺灣高雄地方檢察署,臺灣橋頭地方檢察署,臺灣高雄地方法院,臺灣橋頭地方法院,no,07,07,yes,A (division/department/area); X (precinct/station); A (listed justice exceptions),MOI/NPA/Judicial Yuan/NCC; see audit source register
高雄市,湖內區,no,高雄市政府警察局,高雄市政府警察局,yes,unknown — not in CIBAR,unknown — no jurisdiction dataset,unknown,臺灣高雄地方檢察署,臺灣橋頭地方檢察署,臺灣高雄地方法院,臺灣橋頭地方法院,no,07,07,yes,A (division/department/area); X (precinct/station); A (listed justice exceptions),MOI/NPA/Judicial Yuan/NCC; see audit source register
高雄市,茄萣區,no,高雄市政府警察局,高雄市政府警察局,yes,unknown — not in CIBAR,unknown — no jurisdiction dataset,unknown,臺灣高雄地方檢察署,臺灣橋頭地方檢察署,臺灣高雄地方法院,臺灣橋頭地方法院,no,07,07,yes,A (division/department/area); X (precinct/station); A (listed justice exceptions),MOI/NPA/Judicial Yuan/NCC; see audit source register
高雄市,永安區,no,高雄市政府警察局,高雄市政府警察局,yes,unknown — not in CIBAR,unknown — no jurisdiction dataset,unknown,臺灣高雄地方檢察署,臺灣橋頭地方檢察署,臺灣高雄地方法院,臺灣橋頭地方法院,no,07,07,yes,A (division/department/area); X (precinct/station); A (listed justice exceptions),MOI/NPA/Judicial Yuan/NCC; see audit source register
高雄市,彌陀區,no,高雄市政府警察局,高雄市政府警察局,yes,unknown — not in CIBAR,unknown — no jurisdiction dataset,unknown,臺灣高雄地方檢察署,臺灣橋頭地方檢察署,臺灣高雄地方法院,臺灣橋頭地方法院,no,07,07,yes,A (division/department/area); X (precinct/station); A (listed justice exceptions),MOI/NPA/Judicial Yuan/NCC; see audit source register
高雄市,梓官區,no,高雄市政府警察局,高雄市政府警察局,yes,unknown — not in CIBAR,unknown — no jurisdiction dataset,unknown,臺灣高雄地方檢察署,臺灣橋頭地方檢察署,臺灣高雄地方法院,臺灣橋頭地方法院,no,07,07,yes,A (division/department/area); X (precinct/station); A (listed justice exceptions),MOI/NPA/Judicial Yuan/NCC; see audit source register
高雄市,旗山區,no,高雄市政府警察局,高雄市政府警察局,yes,unknown — not in CIBAR,unknown — no jurisdiction dataset,unknown,臺灣高雄地方檢察署,臺灣橋頭地方檢察署,臺灣高雄地方法院,臺灣橋頭地方法院,no,07,07,yes,A (division/department/area); X (precinct/station); A (listed justice exceptions),MOI/NPA/Judicial Yuan/NCC; see audit source register
高雄市,美濃區,no,高雄市政府警察局,高雄市政府警察局,yes,unknown — not in CIBAR,unknown — no jurisdiction dataset,unknown,臺灣高雄地方檢察署,臺灣橋頭地方檢察署,臺灣高雄地方法院,臺灣橋頭地方法院,no,07,07,yes,A (division/department/area); X (precinct/station); A (listed justice exceptions),MOI/NPA/Judicial Yuan/NCC; see audit source register
高雄市,六龜區,no,高雄市政府警察局,高雄市政府警察局,yes,unknown — not in CIBAR,unknown — no jurisdiction dataset,unknown,臺灣高雄地方檢察署,臺灣橋頭地方檢察署,臺灣高雄地方法院,臺灣橋頭地方法院,no,07,07,yes,A (division/department/area); X (precinct/station); A (listed justice exceptions),MOI/NPA/Judicial Yuan/NCC; see audit source register
高雄市,甲仙區,no,高雄市政府警察局,高雄市政府警察局,yes,unknown — not in CIBAR,unknown — no jurisdiction dataset,unknown,臺灣高雄地方檢察署,臺灣橋頭地方檢察署,臺灣高雄地方法院,臺灣橋頭地方法院,no,07,07,yes,A (division/department/area); X (precinct/station); A (listed justice exceptions),MOI/NPA/Judicial Yuan/NCC; see audit source register
高雄市,杉林區,no,高雄市政府警察局,高雄市政府警察局,yes,unknown — not in CIBAR,unknown — no jurisdiction dataset,unknown,臺灣高雄地方檢察署,臺灣橋頭地方檢察署,臺灣高雄地方法院,臺灣橋頭地方法院,no,07,07,yes,A (division/department/area); X (precinct/station); A (listed justice exceptions),MOI/NPA/Judicial Yuan/NCC; see audit source register
高雄市,內門區,no,高雄市政府警察局,高雄市政府警察局,yes,unknown — not in CIBAR,unknown — no jurisdiction dataset,unknown,臺灣高雄地方檢察署,臺灣橋頭地方檢察署,臺灣高雄地方法院,臺灣橋頭地方法院,no,07,07,yes,A (division/department/area); X (precinct/station); A (listed justice exceptions),MOI/NPA/Judicial Yuan/NCC; see audit source register
高雄市,茂林區,no,高雄市政府警察局,高雄市政府警察局,yes,unknown — not in CIBAR,unknown — no jurisdiction dataset,unknown,臺灣高雄地方檢察署,臺灣橋頭地方檢察署,臺灣高雄地方法院,臺灣橋頭地方法院,no,07,07,yes,A (division/department/area); X (precinct/station); A (listed justice exceptions),MOI/NPA/Judicial Yuan/NCC; see audit source register
高雄市,桃源區,no,高雄市政府警察局,高雄市政府警察局,yes,unknown — not in CIBAR,unknown — no jurisdiction dataset,unknown,臺灣高雄地方檢察署,臺灣橋頭地方檢察署,臺灣高雄地方法院,臺灣橋頭地方法院,no,07,07,yes,A (division/department/area); X (precinct/station); A (listed justice exceptions),MOI/NPA/Judicial Yuan/NCC; see audit source register
高雄市,那瑪夏區,no,高雄市政府警察局,高雄市政府警察局,yes,unknown — not in CIBAR,unknown — no jurisdiction dataset,unknown,臺灣高雄地方檢察署,臺灣橋頭地方檢察署,臺灣高雄地方法院,臺灣橋頭地方法院,no,07,07,yes,A (division/department/area); X (precinct/station); A (listed justice exceptions),MOI/NPA/Judicial Yuan/NCC; see audit source register
基隆市,中正區,no,基隆市警察局,基隆市警察局,yes,unknown — not in CIBAR,unknown — no jurisdiction dataset,unknown,臺灣基隆地方檢察署,臺灣基隆地方檢察署,臺灣基隆地方法院,臺灣基隆地方法院,yes,02,02,yes,A (division/department/area); X (precinct/station); A (listed justice exceptions),MOI/NPA/Judicial Yuan/NCC; see audit source register
基隆市,七堵區,no,基隆市警察局,基隆市警察局,yes,unknown — not in CIBAR,unknown — no jurisdiction dataset,unknown,臺灣基隆地方檢察署,臺灣基隆地方檢察署,臺灣基隆地方法院,臺灣基隆地方法院,yes,02,02,yes,A (division/department/area); X (precinct/station); A (listed justice exceptions),MOI/NPA/Judicial Yuan/NCC; see audit source register
基隆市,暖暖區,no,基隆市警察局,基隆市警察局,yes,unknown — not in CIBAR,unknown — no jurisdiction dataset,unknown,臺灣基隆地方檢察署,臺灣基隆地方檢察署,臺灣基隆地方法院,臺灣基隆地方法院,yes,02,02,yes,A (division/department/area); X (precinct/station); A (listed justice exceptions),MOI/NPA/Judicial Yuan/NCC; see audit source register
基隆市,仁愛區,yes,基隆市警察局,基隆市警察局,yes,unknown — not in CIBAR,unknown — no jurisdiction dataset,unknown,臺灣基隆地方檢察署,臺灣基隆地方檢察署,臺灣基隆地方法院,臺灣基隆地方法院,yes,02,02,yes,A (division/department/area); X (precinct/station); A (listed justice exceptions),MOI/NPA/Judicial Yuan/NCC; see audit source register
基隆市,中山區,no,基隆市警察局,基隆市警察局,yes,unknown — not in CIBAR,unknown — no jurisdiction dataset,unknown,臺灣基隆地方檢察署,臺灣基隆地方檢察署,臺灣基隆地方法院,臺灣基隆地方法院,yes,02,02,yes,A (division/department/area); X (precinct/station); A (listed justice exceptions),MOI/NPA/Judicial Yuan/NCC; see audit source register
基隆市,安樂區,no,基隆市警察局,基隆市警察局,yes,unknown — not in CIBAR,unknown — no jurisdiction dataset,unknown,臺灣基隆地方檢察署,臺灣基隆地方檢察署,臺灣基隆地方法院,臺灣基隆地方法院,yes,02,02,yes,A (division/department/area); X (precinct/station); A (listed justice exceptions),MOI/NPA/Judicial Yuan/NCC; see audit source register
基隆市,信義區,no,基隆市警察局,基隆市警察局,yes,unknown — not in CIBAR,unknown — no jurisdiction dataset,unknown,臺灣基隆地方檢察署,臺灣基隆地方檢察署,臺灣基隆地方法院,臺灣基隆地方法院,yes,02,02,yes,A (division/department/area); X (precinct/station); A (listed justice exceptions),MOI/NPA/Judicial Yuan/NCC; see audit source register
新竹市,東區,yes,新竹市警察局,新竹市警察局,yes,unknown — not in CIBAR,unknown — no jurisdiction dataset,unknown,臺灣新竹地方檢察署,臺灣新竹地方檢察署,臺灣新竹地方法院,臺灣新竹地方法院,yes,03,03,yes,A (division/department/area); X (precinct/station); A (listed justice exceptions),MOI/NPA/Judicial Yuan/NCC; see audit source register
新竹市,北區,no,新竹市警察局,新竹市警察局,yes,unknown — not in CIBAR,unknown — no jurisdiction dataset,unknown,臺灣新竹地方檢察署,臺灣新竹地方檢察署,臺灣新竹地方法院,臺灣新竹地方法院,yes,03,03,yes,A (division/department/area); X (precinct/station); A (listed justice exceptions),MOI/NPA/Judicial Yuan/NCC; see audit source register
新竹市,香山區,no,新竹市警察局,新竹市警察局,yes,unknown — not in CIBAR,unknown — no jurisdiction dataset,unknown,臺灣新竹地方檢察署,臺灣新竹地方檢察署,臺灣新竹地方法院,臺灣新竹地方法院,yes,03,03,yes,A (division/department/area); X (precinct/station); A (listed justice exceptions),MOI/NPA/Judicial Yuan/NCC; see audit source register
嘉義市,東區,yes,嘉義市警察局,嘉義市警察局,yes,unknown — not in CIBAR,unknown — no jurisdiction dataset,unknown,臺灣嘉義地方檢察署,臺灣嘉義地方檢察署,臺灣嘉義地方法院,臺灣嘉義地方法院,yes,05,05,yes,A (division/department/area); X (precinct/station); A (listed justice exceptions),MOI/NPA/Judicial Yuan/NCC; see audit source register
嘉義市,西區,no,嘉義市警察局,嘉義市警察局,yes,unknown — not in CIBAR,unknown — no jurisdiction dataset,unknown,臺灣嘉義地方檢察署,臺灣嘉義地方檢察署,臺灣嘉義地方法院,臺灣嘉義地方法院,yes,05,05,yes,A (division/department/area); X (precinct/station); A (listed justice exceptions),MOI/NPA/Judicial Yuan/NCC; see audit source register
新竹縣,竹北市,yes,新竹縣政府警察局,新竹縣政府警察局,yes,unknown — not in CIBAR,unknown — no jurisdiction dataset,unknown,臺灣新竹地方檢察署,臺灣新竹地方檢察署,臺灣新竹地方法院,臺灣新竹地方法院,yes,03,03,yes,A (division/department/area); X (precinct/station); A (listed justice exceptions),MOI/NPA/Judicial Yuan/NCC; see audit source register
新竹縣,關西鎮,no,新竹縣政府警察局,新竹縣政府警察局,yes,unknown — not in CIBAR,unknown — no jurisdiction dataset,unknown,臺灣新竹地方檢察署,臺灣新竹地方檢察署,臺灣新竹地方法院,臺灣新竹地方法院,yes,03,03,yes,A (division/department/area); X (precinct/station); A (listed justice exceptions),MOI/NPA/Judicial Yuan/NCC; see audit source register
新竹縣,新埔鎮,no,新竹縣政府警察局,新竹縣政府警察局,yes,unknown — not in CIBAR,unknown — no jurisdiction dataset,unknown,臺灣新竹地方檢察署,臺灣新竹地方檢察署,臺灣新竹地方法院,臺灣新竹地方法院,yes,03,03,yes,A (division/department/area); X (precinct/station); A (listed justice exceptions),MOI/NPA/Judicial Yuan/NCC; see audit source register
新竹縣,竹東鎮,no,新竹縣政府警察局,新竹縣政府警察局,yes,unknown — not in CIBAR,unknown — no jurisdiction dataset,unknown,臺灣新竹地方檢察署,臺灣新竹地方檢察署,臺灣新竹地方法院,臺灣新竹地方法院,yes,03,03,yes,A (division/department/area); X (precinct/station); A (listed justice exceptions),MOI/NPA/Judicial Yuan/NCC; see audit source register
新竹縣,湖口鄉,no,新竹縣政府警察局,新竹縣政府警察局,yes,unknown — not in CIBAR,unknown — no jurisdiction dataset,unknown,臺灣新竹地方檢察署,臺灣新竹地方檢察署,臺灣新竹地方法院,臺灣新竹地方法院,yes,03,03,yes,A (division/department/area); X (precinct/station); A (listed justice exceptions),MOI/NPA/Judicial Yuan/NCC; see audit source register
新竹縣,橫山鄉,no,新竹縣政府警察局,新竹縣政府警察局,yes,unknown — not in CIBAR,unknown — no jurisdiction dataset,unknown,臺灣新竹地方檢察署,臺灣新竹地方檢察署,臺灣新竹地方法院,臺灣新竹地方法院,yes,03,03,yes,A (division/department/area); X (precinct/station); A (listed justice exceptions),MOI/NPA/Judicial Yuan/NCC; see audit source register
新竹縣,新豐鄉,no,新竹縣政府警察局,新竹縣政府警察局,yes,unknown — not in CIBAR,unknown — no jurisdiction dataset,unknown,臺灣新竹地方檢察署,臺灣新竹地方檢察署,臺灣新竹地方法院,臺灣新竹地方法院,yes,03,03,yes,A (division/department/area); X (precinct/station); A (listed justice exceptions),MOI/NPA/Judicial Yuan/NCC; see audit source register
新竹縣,芎林鄉,no,新竹縣政府警察局,新竹縣政府警察局,yes,unknown — not in CIBAR,unknown — no jurisdiction dataset,unknown,臺灣新竹地方檢察署,臺灣新竹地方檢察署,臺灣新竹地方法院,臺灣新竹地方法院,yes,03,03,yes,A (division/department/area); X (precinct/station); A (listed justice exceptions),MOI/NPA/Judicial Yuan/NCC; see audit source register
新竹縣,寶山鄉,no,新竹縣政府警察局,新竹縣政府警察局,yes,unknown — not in CIBAR,unknown — no jurisdiction dataset,unknown,臺灣新竹地方檢察署,臺灣新竹地方檢察署,臺灣新竹地方法院,臺灣新竹地方法院,yes,03,03,yes,A (division/department/area); X (precinct/station); A (listed justice exceptions),MOI/NPA/Judicial Yuan/NCC; see audit source register
新竹縣,北埔鄉,no,新竹縣政府警察局,新竹縣政府警察局,yes,unknown — not in CIBAR,unknown — no jurisdiction dataset,unknown,臺灣新竹地方檢察署,臺灣新竹地方檢察署,臺灣新竹地方法院,臺灣新竹地方法院,yes,03,03,yes,A (division/department/area); X (precinct/station); A (listed justice exceptions),MOI/NPA/Judicial Yuan/NCC; see audit source register
新竹縣,峨眉鄉,no,新竹縣政府警察局,新竹縣政府警察局,yes,unknown — not in CIBAR,unknown — no jurisdiction dataset,unknown,臺灣新竹地方檢察署,臺灣新竹地方檢察署,臺灣新竹地方法院,臺灣新竹地方法院,yes,03,03,yes,A (division/department/area); X (precinct/station); A (listed justice exceptions),MOI/NPA/Judicial Yuan/NCC; see audit source register
新竹縣,尖石鄉,no,新竹縣政府警察局,新竹縣政府警察局,yes,unknown — not in CIBAR,unknown — no jurisdiction dataset,unknown,臺灣新竹地方檢察署,臺灣新竹地方檢察署,臺灣新竹地方法院,臺灣新竹地方法院,yes,03,03,yes,A (division/department/area); X (precinct/station); A (listed justice exceptions),MOI/NPA/Judicial Yuan/NCC; see audit source register
新竹縣,五峰鄉,no,新竹縣政府警察局,新竹縣政府警察局,yes,unknown — not in CIBAR,unknown — no jurisdiction dataset,unknown,臺灣新竹地方檢察署,臺灣新竹地方檢察署,臺灣新竹地方法院,臺灣新竹地方法院,yes,03,03,yes,A (division/department/area); X (precinct/station); A (listed justice exceptions),MOI/NPA/Judicial Yuan/NCC; see audit source register
苗栗縣,苗栗市,yes,苗栗縣政府警察局,苗栗縣警察局,no,unknown — not in CIBAR,unknown — no jurisdiction dataset,unknown,臺灣苗栗地方檢察署,臺灣苗栗地方檢察署,臺灣苗栗地方法院,臺灣苗栗地方法院,yes,037,037,yes,A (division/department/area); X (precinct/station); A (listed justice exceptions),MOI/NPA/Judicial Yuan/NCC; see audit source register
苗栗縣,苑裡鎮,no,苗栗縣政府警察局,苗栗縣警察局,no,unknown — not in CIBAR,unknown — no jurisdiction dataset,unknown,臺灣苗栗地方檢察署,臺灣苗栗地方檢察署,臺灣苗栗地方法院,臺灣苗栗地方法院,yes,037,037,yes,A (division/department/area); X (precinct/station); A (listed justice exceptions),MOI/NPA/Judicial Yuan/NCC; see audit source register
苗栗縣,通霄鎮,no,苗栗縣政府警察局,苗栗縣警察局,no,unknown — not in CIBAR,unknown — no jurisdiction dataset,unknown,臺灣苗栗地方檢察署,臺灣苗栗地方檢察署,臺灣苗栗地方法院,臺灣苗栗地方法院,yes,037,037,yes,A (division/department/area); X (precinct/station); A (listed justice exceptions),MOI/NPA/Judicial Yuan/NCC; see audit source register
苗栗縣,竹南鎮,no,苗栗縣政府警察局,苗栗縣警察局,no,unknown — not in CIBAR,unknown — no jurisdiction dataset,unknown,臺灣苗栗地方檢察署,臺灣苗栗地方檢察署,臺灣苗栗地方法院,臺灣苗栗地方法院,yes,037,037,yes,A (division/department/area); X (precinct/station); A (listed justice exceptions),MOI/NPA/Judicial Yuan/NCC; see audit source register
苗栗縣,頭份市,no,苗栗縣政府警察局,苗栗縣警察局,no,unknown — not in CIBAR,unknown — no jurisdiction dataset,unknown,臺灣苗栗地方檢察署,臺灣苗栗地方檢察署,臺灣苗栗地方法院,臺灣苗栗地方法院,yes,037,037,yes,A (division/department/area); X (precinct/station); A (listed justice exceptions),MOI/NPA/Judicial Yuan/NCC; see audit source register
苗栗縣,後龍鎮,no,苗栗縣政府警察局,苗栗縣警察局,no,unknown — not in CIBAR,unknown — no jurisdiction dataset,unknown,臺灣苗栗地方檢察署,臺灣苗栗地方檢察署,臺灣苗栗地方法院,臺灣苗栗地方法院,yes,037,037,yes,A (division/department/area); X (precinct/station); A (listed justice exceptions),MOI/NPA/Judicial Yuan/NCC; see audit source register
苗栗縣,卓蘭鎮,no,苗栗縣政府警察局,苗栗縣警察局,no,unknown — not in CIBAR,unknown — no jurisdiction dataset,unknown,臺灣苗栗地方檢察署,臺灣苗栗地方檢察署,臺灣苗栗地方法院,臺灣苗栗地方法院,yes,037,037,yes,A (division/department/area); X (precinct/station); A (listed justice exceptions),MOI/NPA/Judicial Yuan/NCC; see audit source register
苗栗縣,大湖鄉,no,苗栗縣政府警察局,苗栗縣警察局,no,unknown — not in CIBAR,unknown — no jurisdiction dataset,unknown,臺灣苗栗地方檢察署,臺灣苗栗地方檢察署,臺灣苗栗地方法院,臺灣苗栗地方法院,yes,037,037,yes,A (division/department/area); X (precinct/station); A (listed justice exceptions),MOI/NPA/Judicial Yuan/NCC; see audit source register
苗栗縣,公館鄉,no,苗栗縣政府警察局,苗栗縣警察局,no,unknown — not in CIBAR,unknown — no jurisdiction dataset,unknown,臺灣苗栗地方檢察署,臺灣苗栗地方檢察署,臺灣苗栗地方法院,臺灣苗栗地方法院,yes,037,037,yes,A (division/department/area); X (precinct/station); A (listed justice exceptions),MOI/NPA/Judicial Yuan/NCC; see audit source register
苗栗縣,銅鑼鄉,no,苗栗縣政府警察局,苗栗縣警察局,no,unknown — not in CIBAR,unknown — no jurisdiction dataset,unknown,臺灣苗栗地方檢察署,臺灣苗栗地方檢察署,臺灣苗栗地方法院,臺灣苗栗地方法院,yes,037,037,yes,A (division/department/area); X (precinct/station); A (listed justice exceptions),MOI/NPA/Judicial Yuan/NCC; see audit source register
苗栗縣,南庄鄉,no,苗栗縣政府警察局,苗栗縣警察局,no,unknown — not in CIBAR,unknown — no jurisdiction dataset,unknown,臺灣苗栗地方檢察署,臺灣苗栗地方檢察署,臺灣苗栗地方法院,臺灣苗栗地方法院,yes,037,037,yes,A (division/department/area); X (precinct/station); A (listed justice exceptions),MOI/NPA/Judicial Yuan/NCC; see audit source register
苗栗縣,頭屋鄉,no,苗栗縣政府警察局,苗栗縣警察局,no,unknown — not in CIBAR,unknown — no jurisdiction dataset,unknown,臺灣苗栗地方檢察署,臺灣苗栗地方檢察署,臺灣苗栗地方法院,臺灣苗栗地方法院,yes,037,037,yes,A (division/department/area); X (precinct/station); A (listed justice exceptions),MOI/NPA/Judicial Yuan/NCC; see audit source register
苗栗縣,三義鄉,no,苗栗縣政府警察局,苗栗縣警察局,no,unknown — not in CIBAR,unknown — no jurisdiction dataset,unknown,臺灣苗栗地方檢察署,臺灣苗栗地方檢察署,臺灣苗栗地方法院,臺灣苗栗地方法院,yes,037,037,yes,A (division/department/area); X (precinct/station); A (listed justice exceptions),MOI/NPA/Judicial Yuan/NCC; see audit source register
苗栗縣,西湖鄉,no,苗栗縣政府警察局,苗栗縣警察局,no,unknown — not in CIBAR,unknown — no jurisdiction dataset,unknown,臺灣苗栗地方檢察署,臺灣苗栗地方檢察署,臺灣苗栗地方法院,臺灣苗栗地方法院,yes,037,037,yes,A (division/department/area); X (precinct/station); A (listed justice exceptions),MOI/NPA/Judicial Yuan/NCC; see audit source register
苗栗縣,造橋鄉,no,苗栗縣政府警察局,苗栗縣警察局,no,unknown — not in CIBAR,unknown — no jurisdiction dataset,unknown,臺灣苗栗地方檢察署,臺灣苗栗地方檢察署,臺灣苗栗地方法院,臺灣苗栗地方法院,yes,037,037,yes,A (division/department/area); X (precinct/station); A (listed justice exceptions),MOI/NPA/Judicial Yuan/NCC; see audit source register
苗栗縣,三灣鄉,no,苗栗縣政府警察局,苗栗縣警察局,no,unknown — not in CIBAR,unknown — no jurisdiction dataset,unknown,臺灣苗栗地方檢察署,臺灣苗栗地方檢察署,臺灣苗栗地方法院,臺灣苗栗地方法院,yes,037,037,yes,A (division/department/area); X (precinct/station); A (listed justice exceptions),MOI/NPA/Judicial Yuan/NCC; see audit source register
苗栗縣,獅潭鄉,no,苗栗縣政府警察局,苗栗縣警察局,no,unknown — not in CIBAR,unknown — no jurisdiction dataset,unknown,臺灣苗栗地方檢察署,臺灣苗栗地方檢察署,臺灣苗栗地方法院,臺灣苗栗地方法院,yes,037,037,yes,A (division/department/area); X (precinct/station); A (listed justice exceptions),MOI/NPA/Judicial Yuan/NCC; see audit source register
苗栗縣,泰安鄉,no,苗栗縣政府警察局,苗栗縣警察局,no,unknown — not in CIBAR,unknown — no jurisdiction dataset,unknown,臺灣苗栗地方檢察署,臺灣苗栗地方檢察署,臺灣苗栗地方法院,臺灣苗栗地方法院,yes,037,037,yes,A (division/department/area); X (precinct/station); A (listed justice exceptions),MOI/NPA/Judicial Yuan/NCC; see audit source register
彰化縣,彰化市,yes,彰化縣政府警察局,彰化縣警察局,no,unknown — not in CIBAR,unknown — no jurisdiction dataset,unknown,臺灣彰化地方檢察署,臺灣彰化地方檢察署,臺灣彰化地方法院,臺灣彰化地方法院,yes,04,04,yes,A (division/department/area); X (precinct/station); A (listed justice exceptions),MOI/NPA/Judicial Yuan/NCC; see audit source register
彰化縣,鹿港鎮,no,彰化縣政府警察局,彰化縣警察局,no,unknown — not in CIBAR,unknown — no jurisdiction dataset,unknown,臺灣彰化地方檢察署,臺灣彰化地方檢察署,臺灣彰化地方法院,臺灣彰化地方法院,yes,04,04,yes,A (division/department/area); X (precinct/station); A (listed justice exceptions),MOI/NPA/Judicial Yuan/NCC; see audit source register
彰化縣,和美鎮,no,彰化縣政府警察局,彰化縣警察局,no,unknown — not in CIBAR,unknown — no jurisdiction dataset,unknown,臺灣彰化地方檢察署,臺灣彰化地方檢察署,臺灣彰化地方法院,臺灣彰化地方法院,yes,04,04,yes,A (division/department/area); X (precinct/station); A (listed justice exceptions),MOI/NPA/Judicial Yuan/NCC; see audit source register
彰化縣,線西鄉,no,彰化縣政府警察局,彰化縣警察局,no,unknown — not in CIBAR,unknown — no jurisdiction dataset,unknown,臺灣彰化地方檢察署,臺灣彰化地方檢察署,臺灣彰化地方法院,臺灣彰化地方法院,yes,04,04,yes,A (division/department/area); X (precinct/station); A (listed justice exceptions),MOI/NPA/Judicial Yuan/NCC; see audit source register
彰化縣,伸港鄉,no,彰化縣政府警察局,彰化縣警察局,no,unknown — not in CIBAR,unknown — no jurisdiction dataset,unknown,臺灣彰化地方檢察署,臺灣彰化地方檢察署,臺灣彰化地方法院,臺灣彰化地方法院,yes,04,04,yes,A (division/department/area); X (precinct/station); A (listed justice exceptions),MOI/NPA/Judicial Yuan/NCC; see audit source register
彰化縣,福興鄉,no,彰化縣政府警察局,彰化縣警察局,no,unknown — not in CIBAR,unknown — no jurisdiction dataset,unknown,臺灣彰化地方檢察署,臺灣彰化地方檢察署,臺灣彰化地方法院,臺灣彰化地方法院,yes,04,04,yes,A (division/department/area); X (precinct/station); A (listed justice exceptions),MOI/NPA/Judicial Yuan/NCC; see audit source register
彰化縣,秀水鄉,no,彰化縣政府警察局,彰化縣警察局,no,unknown — not in CIBAR,unknown — no jurisdiction dataset,unknown,臺灣彰化地方檢察署,臺灣彰化地方檢察署,臺灣彰化地方法院,臺灣彰化地方法院,yes,04,04,yes,A (division/department/area); X (precinct/station); A (listed justice exceptions),MOI/NPA/Judicial Yuan/NCC; see audit source register
彰化縣,花壇鄉,no,彰化縣政府警察局,彰化縣警察局,no,unknown — not in CIBAR,unknown — no jurisdiction dataset,unknown,臺灣彰化地方檢察署,臺灣彰化地方檢察署,臺灣彰化地方法院,臺灣彰化地方法院,yes,04,04,yes,A (division/department/area); X (precinct/station); A (listed justice exceptions),MOI/NPA/Judicial Yuan/NCC; see audit source register
彰化縣,芬園鄉,no,彰化縣政府警察局,彰化縣警察局,no,unknown — not in CIBAR,unknown — no jurisdiction dataset,unknown,臺灣彰化地方檢察署,臺灣彰化地方檢察署,臺灣彰化地方法院,臺灣彰化地方法院,yes,04,04,yes,A (division/department/area); X (precinct/station); A (listed justice exceptions),MOI/NPA/Judicial Yuan/NCC; see audit source register
彰化縣,員林市,no,彰化縣政府警察局,彰化縣警察局,no,unknown — not in CIBAR,unknown — no jurisdiction dataset,unknown,臺灣彰化地方檢察署,臺灣彰化地方檢察署,臺灣彰化地方法院,臺灣彰化地方法院,yes,04,04,yes,A (division/department/area); X (precinct/station); A (listed justice exceptions),MOI/NPA/Judicial Yuan/NCC; see audit source register
彰化縣,溪湖鎮,no,彰化縣政府警察局,彰化縣警察局,no,unknown — not in CIBAR,unknown — no jurisdiction dataset,unknown,臺灣彰化地方檢察署,臺灣彰化地方檢察署,臺灣彰化地方法院,臺灣彰化地方法院,yes,04,04,yes,A (division/department/area); X (precinct/station); A (listed justice exceptions),MOI/NPA/Judicial Yuan/NCC; see audit source register
彰化縣,田中鎮,no,彰化縣政府警察局,彰化縣警察局,no,unknown — not in CIBAR,unknown — no jurisdiction dataset,unknown,臺灣彰化地方檢察署,臺灣彰化地方檢察署,臺灣彰化地方法院,臺灣彰化地方法院,yes,04,04,yes,A (division/department/area); X (precinct/station); A (listed justice exceptions),MOI/NPA/Judicial Yuan/NCC; see audit source register
彰化縣,大村鄉,no,彰化縣政府警察局,彰化縣警察局,no,unknown — not in CIBAR,unknown — no jurisdiction dataset,unknown,臺灣彰化地方檢察署,臺灣彰化地方檢察署,臺灣彰化地方法院,臺灣彰化地方法院,yes,04,04,yes,A (division/department/area); X (precinct/station); A (listed justice exceptions),MOI/NPA/Judicial Yuan/NCC; see audit source register
彰化縣,埔鹽鄉,no,彰化縣政府警察局,彰化縣警察局,no,unknown — not in CIBAR,unknown — no jurisdiction dataset,unknown,臺灣彰化地方檢察署,臺灣彰化地方檢察署,臺灣彰化地方法院,臺灣彰化地方法院,yes,04,04,yes,A (division/department/area); X (precinct/station); A (listed justice exceptions),MOI/NPA/Judicial Yuan/NCC; see audit source register
彰化縣,埔心鄉,no,彰化縣政府警察局,彰化縣警察局,no,unknown — not in CIBAR,unknown — no jurisdiction dataset,unknown,臺灣彰化地方檢察署,臺灣彰化地方檢察署,臺灣彰化地方法院,臺灣彰化地方法院,yes,04,04,yes,A (division/department/area); X (precinct/station); A (listed justice exceptions),MOI/NPA/Judicial Yuan/NCC; see audit source register
彰化縣,永靖鄉,no,彰化縣政府警察局,彰化縣警察局,no,unknown — not in CIBAR,unknown — no jurisdiction dataset,unknown,臺灣彰化地方檢察署,臺灣彰化地方檢察署,臺灣彰化地方法院,臺灣彰化地方法院,yes,04,04,yes,A (division/department/area); X (precinct/station); A (listed justice exceptions),MOI/NPA/Judicial Yuan/NCC; see audit source register
彰化縣,社頭鄉,no,彰化縣政府警察局,彰化縣警察局,no,unknown — not in CIBAR,unknown — no jurisdiction dataset,unknown,臺灣彰化地方檢察署,臺灣彰化地方檢察署,臺灣彰化地方法院,臺灣彰化地方法院,yes,04,04,yes,A (division/department/area); X (precinct/station); A (listed justice exceptions),MOI/NPA/Judicial Yuan/NCC; see audit source register
彰化縣,二水鄉,no,彰化縣政府警察局,彰化縣警察局,no,unknown — not in CIBAR,unknown — no jurisdiction dataset,unknown,臺灣彰化地方檢察署,臺灣彰化地方檢察署,臺灣彰化地方法院,臺灣彰化地方法院,yes,04,04,yes,A (division/department/area); X (precinct/station); A (listed justice exceptions),MOI/NPA/Judicial Yuan/NCC; see audit source register
彰化縣,北斗鎮,no,彰化縣政府警察局,彰化縣警察局,no,unknown — not in CIBAR,unknown — no jurisdiction dataset,unknown,臺灣彰化地方檢察署,臺灣彰化地方檢察署,臺灣彰化地方法院,臺灣彰化地方法院,yes,04,04,yes,A (division/department/area); X (precinct/station); A (listed justice exceptions),MOI/NPA/Judicial Yuan/NCC; see audit source register
彰化縣,二林鎮,no,彰化縣政府警察局,彰化縣警察局,no,unknown — not in CIBAR,unknown — no jurisdiction dataset,unknown,臺灣彰化地方檢察署,臺灣彰化地方檢察署,臺灣彰化地方法院,臺灣彰化地方法院,yes,04,04,yes,A (division/department/area); X (precinct/station); A (listed justice exceptions),MOI/NPA/Judicial Yuan/NCC; see audit source register
彰化縣,田尾鄉,no,彰化縣政府警察局,彰化縣警察局,no,unknown — not in CIBAR,unknown — no jurisdiction dataset,unknown,臺灣彰化地方檢察署,臺灣彰化地方檢察署,臺灣彰化地方法院,臺灣彰化地方法院,yes,04,04,yes,A (division/department/area); X (precinct/station); A (listed justice exceptions),MOI/NPA/Judicial Yuan/NCC; see audit source register
彰化縣,埤頭鄉,no,彰化縣政府警察局,彰化縣警察局,no,unknown — not in CIBAR,unknown — no jurisdiction dataset,unknown,臺灣彰化地方檢察署,臺灣彰化地方檢察署,臺灣彰化地方法院,臺灣彰化地方法院,yes,04,04,yes,A (division/department/area); X (precinct/station); A (listed justice exceptions),MOI/NPA/Judicial Yuan/NCC; see audit source register
彰化縣,芳苑鄉,no,彰化縣政府警察局,彰化縣警察局,no,unknown — not in CIBAR,unknown — no jurisdiction dataset,unknown,臺灣彰化地方檢察署,臺灣彰化地方檢察署,臺灣彰化地方法院,臺灣彰化地方法院,yes,04,04,yes,A (division/department/area); X (precinct/station); A (listed justice exceptions),MOI/NPA/Judicial Yuan/NCC; see audit source register
彰化縣,大城鄉,no,彰化縣政府警察局,彰化縣警察局,no,unknown — not in CIBAR,unknown — no jurisdiction dataset,unknown,臺灣彰化地方檢察署,臺灣彰化地方檢察署,臺灣彰化地方法院,臺灣彰化地方法院,yes,04,04,yes,A (division/department/area); X (precinct/station); A (listed justice exceptions),MOI/NPA/Judicial Yuan/NCC; see audit source register
彰化縣,竹塘鄉,no,彰化縣政府警察局,彰化縣警察局,no,unknown — not in CIBAR,unknown — no jurisdiction dataset,unknown,臺灣彰化地方檢察署,臺灣彰化地方檢察署,臺灣彰化地方法院,臺灣彰化地方法院,yes,04,04,yes,A (division/department/area); X (precinct/station); A (listed justice exceptions),MOI/NPA/Judicial Yuan/NCC; see audit source register
彰化縣,溪州鄉,no,彰化縣政府警察局,彰化縣警察局,no,unknown — not in CIBAR,unknown — no jurisdiction dataset,unknown,臺灣彰化地方檢察署,臺灣彰化地方檢察署,臺灣彰化地方法院,臺灣彰化地方法院,yes,04,04,yes,A (division/department/area); X (precinct/station); A (listed justice exceptions),MOI/NPA/Judicial Yuan/NCC; see audit source register
南投縣,南投市,yes,南投縣政府警察局,南投縣政府警察局,yes,unknown — not in CIBAR,unknown — no jurisdiction dataset,unknown,臺灣南投地方檢察署,臺灣南投地方檢察署,臺灣南投地方法院,臺灣南投地方法院,yes,049,049,yes,A (division/department/area); X (precinct/station); A (listed justice exceptions),MOI/NPA/Judicial Yuan/NCC; see audit source register
南投縣,埔里鎮,no,南投縣政府警察局,南投縣政府警察局,yes,unknown — not in CIBAR,unknown — no jurisdiction dataset,unknown,臺灣南投地方檢察署,臺灣南投地方檢察署,臺灣南投地方法院,臺灣南投地方法院,yes,049,049,yes,A (division/department/area); X (precinct/station); A (listed justice exceptions),MOI/NPA/Judicial Yuan/NCC; see audit source register
南投縣,草屯鎮,no,南投縣政府警察局,南投縣政府警察局,yes,unknown — not in CIBAR,unknown — no jurisdiction dataset,unknown,臺灣南投地方檢察署,臺灣南投地方檢察署,臺灣南投地方法院,臺灣南投地方法院,yes,049,049,yes,A (division/department/area); X (precinct/station); A (listed justice exceptions),MOI/NPA/Judicial Yuan/NCC; see audit source register
南投縣,竹山鎮,no,南投縣政府警察局,南投縣政府警察局,yes,unknown — not in CIBAR,unknown — no jurisdiction dataset,unknown,臺灣南投地方檢察署,臺灣南投地方檢察署,臺灣南投地方法院,臺灣南投地方法院,yes,049,049,yes,A (division/department/area); X (precinct/station); A (listed justice exceptions),MOI/NPA/Judicial Yuan/NCC; see audit source register
南投縣,集集鎮,no,南投縣政府警察局,南投縣政府警察局,yes,unknown — not in CIBAR,unknown — no jurisdiction dataset,unknown,臺灣南投地方檢察署,臺灣南投地方檢察署,臺灣南投地方法院,臺灣南投地方法院,yes,049,049,yes,A (division/department/area); X (precinct/station); A (listed justice exceptions),MOI/NPA/Judicial Yuan/NCC; see audit source register
南投縣,名間鄉,no,南投縣政府警察局,南投縣政府警察局,yes,unknown — not in CIBAR,unknown — no jurisdiction dataset,unknown,臺灣南投地方檢察署,臺灣南投地方檢察署,臺灣南投地方法院,臺灣南投地方法院,yes,049,049,yes,A (division/department/area); X (precinct/station); A (listed justice exceptions),MOI/NPA/Judicial Yuan/NCC; see audit source register
南投縣,鹿谷鄉,no,南投縣政府警察局,南投縣政府警察局,yes,unknown — not in CIBAR,unknown — no jurisdiction dataset,unknown,臺灣南投地方檢察署,臺灣南投地方檢察署,臺灣南投地方法院,臺灣南投地方法院,yes,049,049,yes,A (division/department/area); X (precinct/station); A (listed justice exceptions),MOI/NPA/Judicial Yuan/NCC; see audit source register
南投縣,中寮鄉,no,南投縣政府警察局,南投縣政府警察局,yes,unknown — not in CIBAR,unknown — no jurisdiction dataset,unknown,臺灣南投地方檢察署,臺灣南投地方檢察署,臺灣南投地方法院,臺灣南投地方法院,yes,049,049,yes,A (division/department/area); X (precinct/station); A (listed justice exceptions),MOI/NPA/Judicial Yuan/NCC; see audit source register
南投縣,魚池鄉,no,南投縣政府警察局,南投縣政府警察局,yes,unknown — not in CIBAR,unknown — no jurisdiction dataset,unknown,臺灣南投地方檢察署,臺灣南投地方檢察署,臺灣南投地方法院,臺灣南投地方法院,yes,049,049,yes,A (division/department/area); X (precinct/station); A (listed justice exceptions),MOI/NPA/Judicial Yuan/NCC; see audit source register
南投縣,國姓鄉,no,南投縣政府警察局,南投縣政府警察局,yes,unknown — not in CIBAR,unknown — no jurisdiction dataset,unknown,臺灣南投地方檢察署,臺灣南投地方檢察署,臺灣南投地方法院,臺灣南投地方法院,yes,049,049,yes,A (division/department/area); X (precinct/station); A (listed justice exceptions),MOI/NPA/Judicial Yuan/NCC; see audit source register
南投縣,水里鄉,no,南投縣政府警察局,南投縣政府警察局,yes,unknown — not in CIBAR,unknown — no jurisdiction dataset,unknown,臺灣南投地方檢察署,臺灣南投地方檢察署,臺灣南投地方法院,臺灣南投地方法院,yes,049,049,yes,A (division/department/area); X (precinct/station); A (listed justice exceptions),MOI/NPA/Judicial Yuan/NCC; see audit source register
南投縣,信義鄉,no,南投縣政府警察局,南投縣政府警察局,yes,unknown — not in CIBAR,unknown — no jurisdiction dataset,unknown,臺灣南投地方檢察署,臺灣南投地方檢察署,臺灣南投地方法院,臺灣南投地方法院,yes,049,049,yes,A (division/department/area); X (precinct/station); A (listed justice exceptions),MOI/NPA/Judicial Yuan/NCC; see audit source register
南投縣,仁愛鄉,no,南投縣政府警察局,南投縣政府警察局,yes,unknown — not in CIBAR,unknown — no jurisdiction dataset,unknown,臺灣南投地方檢察署,臺灣南投地方檢察署,臺灣南投地方法院,臺灣南投地方法院,yes,049,049,yes,A (division/department/area); X (precinct/station); A (listed justice exceptions),MOI/NPA/Judicial Yuan/NCC; see audit source register
雲林縣,斗六市,yes,雲林縣政府警察局,雲林縣警察局,no,unknown — not in CIBAR,unknown — no jurisdiction dataset,unknown,臺灣雲林地方檢察署,臺灣雲林地方檢察署,臺灣雲林地方法院,臺灣雲林地方法院,yes,05,05,yes,A (division/department/area); X (precinct/station); A (listed justice exceptions),MOI/NPA/Judicial Yuan/NCC; see audit source register
雲林縣,斗南鎮,no,雲林縣政府警察局,雲林縣警察局,no,unknown — not in CIBAR,unknown — no jurisdiction dataset,unknown,臺灣雲林地方檢察署,臺灣雲林地方檢察署,臺灣雲林地方法院,臺灣雲林地方法院,yes,05,05,yes,A (division/department/area); X (precinct/station); A (listed justice exceptions),MOI/NPA/Judicial Yuan/NCC; see audit source register
雲林縣,虎尾鎮,no,雲林縣政府警察局,雲林縣警察局,no,unknown — not in CIBAR,unknown — no jurisdiction dataset,unknown,臺灣雲林地方檢察署,臺灣雲林地方檢察署,臺灣雲林地方法院,臺灣雲林地方法院,yes,05,05,yes,A (division/department/area); X (precinct/station); A (listed justice exceptions),MOI/NPA/Judicial Yuan/NCC; see audit source register
雲林縣,西螺鎮,no,雲林縣政府警察局,雲林縣警察局,no,unknown — not in CIBAR,unknown — no jurisdiction dataset,unknown,臺灣雲林地方檢察署,臺灣雲林地方檢察署,臺灣雲林地方法院,臺灣雲林地方法院,yes,05,05,yes,A (division/department/area); X (precinct/station); A (listed justice exceptions),MOI/NPA/Judicial Yuan/NCC; see audit source register
雲林縣,土庫鎮,no,雲林縣政府警察局,雲林縣警察局,no,unknown — not in CIBAR,unknown — no jurisdiction dataset,unknown,臺灣雲林地方檢察署,臺灣雲林地方檢察署,臺灣雲林地方法院,臺灣雲林地方法院,yes,05,05,yes,A (division/department/area); X (precinct/station); A (listed justice exceptions),MOI/NPA/Judicial Yuan/NCC; see audit source register
雲林縣,北港鎮,no,雲林縣政府警察局,雲林縣警察局,no,unknown — not in CIBAR,unknown — no jurisdiction dataset,unknown,臺灣雲林地方檢察署,臺灣雲林地方檢察署,臺灣雲林地方法院,臺灣雲林地方法院,yes,05,05,yes,A (division/department/area); X (precinct/station); A (listed justice exceptions),MOI/NPA/Judicial Yuan/NCC; see audit source register
雲林縣,古坑鄉,no,雲林縣政府警察局,雲林縣警察局,no,unknown — not in CIBAR,unknown — no jurisdiction dataset,unknown,臺灣雲林地方檢察署,臺灣雲林地方檢察署,臺灣雲林地方法院,臺灣雲林地方法院,yes,05,05,yes,A (division/department/area); X (precinct/station); A (listed justice exceptions),MOI/NPA/Judicial Yuan/NCC; see audit source register
雲林縣,大埤鄉,no,雲林縣政府警察局,雲林縣警察局,no,unknown — not in CIBAR,unknown — no jurisdiction dataset,unknown,臺灣雲林地方檢察署,臺灣雲林地方檢察署,臺灣雲林地方法院,臺灣雲林地方法院,yes,05,05,yes,A (division/department/area); X (precinct/station); A (listed justice exceptions),MOI/NPA/Judicial Yuan/NCC; see audit source register
雲林縣,莿桐鄉,no,雲林縣政府警察局,雲林縣警察局,no,unknown — not in CIBAR,unknown — no jurisdiction dataset,unknown,臺灣雲林地方檢察署,臺灣雲林地方檢察署,臺灣雲林地方法院,臺灣雲林地方法院,yes,05,05,yes,A (division/department/area); X (precinct/station); A (listed justice exceptions),MOI/NPA/Judicial Yuan/NCC; see audit source register
雲林縣,林內鄉,no,雲林縣政府警察局,雲林縣警察局,no,unknown — not in CIBAR,unknown — no jurisdiction dataset,unknown,臺灣雲林地方檢察署,臺灣雲林地方檢察署,臺灣雲林地方法院,臺灣雲林地方法院,yes,05,05,yes,A (division/department/area); X (precinct/station); A (listed justice exceptions),MOI/NPA/Judicial Yuan/NCC; see audit source register
雲林縣,二崙鄉,no,雲林縣政府警察局,雲林縣警察局,no,unknown — not in CIBAR,unknown — no jurisdiction dataset,unknown,臺灣雲林地方檢察署,臺灣雲林地方檢察署,臺灣雲林地方法院,臺灣雲林地方法院,yes,05,05,yes,A (division/department/area); X (precinct/station); A (listed justice exceptions),MOI/NPA/Judicial Yuan/NCC; see audit source register
雲林縣,崙背鄉,no,雲林縣政府警察局,雲林縣警察局,no,unknown — not in CIBAR,unknown — no jurisdiction dataset,unknown,臺灣雲林地方檢察署,臺灣雲林地方檢察署,臺灣雲林地方法院,臺灣雲林地方法院,yes,05,05,yes,A (division/department/area); X (precinct/station); A (listed justice exceptions),MOI/NPA/Judicial Yuan/NCC; see audit source register
雲林縣,麥寮鄉,no,雲林縣政府警察局,雲林縣警察局,no,unknown — not in CIBAR,unknown — no jurisdiction dataset,unknown,臺灣雲林地方檢察署,臺灣雲林地方檢察署,臺灣雲林地方法院,臺灣雲林地方法院,yes,05,05,yes,A (division/department/area); X (precinct/station); A (listed justice exceptions),MOI/NPA/Judicial Yuan/NCC; see audit source register
雲林縣,東勢鄉,no,雲林縣政府警察局,雲林縣警察局,no,unknown — not in CIBAR,unknown — no jurisdiction dataset,unknown,臺灣雲林地方檢察署,臺灣雲林地方檢察署,臺灣雲林地方法院,臺灣雲林地方法院,yes,05,05,yes,A (division/department/area); X (precinct/station); A (listed justice exceptions),MOI/NPA/Judicial Yuan/NCC; see audit source register
雲林縣,褒忠鄉,no,雲林縣政府警察局,雲林縣警察局,no,unknown — not in CIBAR,unknown — no jurisdiction dataset,unknown,臺灣雲林地方檢察署,臺灣雲林地方檢察署,臺灣雲林地方法院,臺灣雲林地方法院,yes,05,05,yes,A (division/department/area); X (precinct/station); A (listed justice exceptions),MOI/NPA/Judicial Yuan/NCC; see audit source register
雲林縣,臺西鄉,no,雲林縣政府警察局,雲林縣警察局,no,unknown — not in CIBAR,unknown — no jurisdiction dataset,unknown,臺灣雲林地方檢察署,臺灣雲林地方檢察署,臺灣雲林地方法院,臺灣雲林地方法院,yes,05,05,yes,A (division/department/area); X (precinct/station); A (listed justice exceptions),MOI/NPA/Judicial Yuan/NCC; see audit source register
雲林縣,元長鄉,no,雲林縣政府警察局,雲林縣警察局,no,unknown — not in CIBAR,unknown — no jurisdiction dataset,unknown,臺灣雲林地方檢察署,臺灣雲林地方檢察署,臺灣雲林地方法院,臺灣雲林地方法院,yes,05,05,yes,A (division/department/area); X (precinct/station); A (listed justice exceptions),MOI/NPA/Judicial Yuan/NCC; see audit source register
雲林縣,四湖鄉,no,雲林縣政府警察局,雲林縣警察局,no,unknown — not in CIBAR,unknown — no jurisdiction dataset,unknown,臺灣雲林地方檢察署,臺灣雲林地方檢察署,臺灣雲林地方法院,臺灣雲林地方法院,yes,05,05,yes,A (division/department/area); X (precinct/station); A (listed justice exceptions),MOI/NPA/Judicial Yuan/NCC; see audit source register
雲林縣,口湖鄉,no,雲林縣政府警察局,雲林縣警察局,no,unknown — not in CIBAR,unknown — no jurisdiction dataset,unknown,臺灣雲林地方檢察署,臺灣雲林地方檢察署,臺灣雲林地方法院,臺灣雲林地方法院,yes,05,05,yes,A (division/department/area); X (precinct/station); A (listed justice exceptions),MOI/NPA/Judicial Yuan/NCC; see audit source register
雲林縣,水林鄉,no,雲林縣政府警察局,雲林縣警察局,no,unknown — not in CIBAR,unknown — no jurisdiction dataset,unknown,臺灣雲林地方檢察署,臺灣雲林地方檢察署,臺灣雲林地方法院,臺灣雲林地方法院,yes,05,05,yes,A (division/department/area); X (precinct/station); A (listed justice exceptions),MOI/NPA/Judicial Yuan/NCC; see audit source register
嘉義縣,太保市,yes,嘉義縣警察局,嘉義縣警察局,yes,unknown — not in CIBAR,unknown — no jurisdiction dataset,unknown,臺灣嘉義地方檢察署,臺灣嘉義地方檢察署,臺灣嘉義地方法院,臺灣嘉義地方法院,yes,05,05,yes,A (division/department/area); X (precinct/station); A (listed justice exceptions),MOI/NPA/Judicial Yuan/NCC; see audit source register
嘉義縣,朴子市,no,嘉義縣警察局,嘉義縣警察局,yes,unknown — not in CIBAR,unknown — no jurisdiction dataset,unknown,臺灣嘉義地方檢察署,臺灣嘉義地方檢察署,臺灣嘉義地方法院,臺灣嘉義地方法院,yes,05,05,yes,A (division/department/area); X (precinct/station); A (listed justice exceptions),MOI/NPA/Judicial Yuan/NCC; see audit source register
嘉義縣,布袋鎮,no,嘉義縣警察局,嘉義縣警察局,yes,unknown — not in CIBAR,unknown — no jurisdiction dataset,unknown,臺灣嘉義地方檢察署,臺灣嘉義地方檢察署,臺灣嘉義地方法院,臺灣嘉義地方法院,yes,05,05,yes,A (division/department/area); X (precinct/station); A (listed justice exceptions),MOI/NPA/Judicial Yuan/NCC; see audit source register
嘉義縣,大林鎮,no,嘉義縣警察局,嘉義縣警察局,yes,unknown — not in CIBAR,unknown — no jurisdiction dataset,unknown,臺灣嘉義地方檢察署,臺灣嘉義地方檢察署,臺灣嘉義地方法院,臺灣嘉義地方法院,yes,05,05,yes,A (division/department/area); X (precinct/station); A (listed justice exceptions),MOI/NPA/Judicial Yuan/NCC; see audit source register
嘉義縣,民雄鄉,no,嘉義縣警察局,嘉義縣警察局,yes,unknown — not in CIBAR,unknown — no jurisdiction dataset,unknown,臺灣嘉義地方檢察署,臺灣嘉義地方檢察署,臺灣嘉義地方法院,臺灣嘉義地方法院,yes,05,05,yes,A (division/department/area); X (precinct/station); A (listed justice exceptions),MOI/NPA/Judicial Yuan/NCC; see audit source register
嘉義縣,溪口鄉,no,嘉義縣警察局,嘉義縣警察局,yes,unknown — not in CIBAR,unknown — no jurisdiction dataset,unknown,臺灣嘉義地方檢察署,臺灣嘉義地方檢察署,臺灣嘉義地方法院,臺灣嘉義地方法院,yes,05,05,yes,A (division/department/area); X (precinct/station); A (listed justice exceptions),MOI/NPA/Judicial Yuan/NCC; see audit source register
嘉義縣,新港鄉,no,嘉義縣警察局,嘉義縣警察局,yes,unknown — not in CIBAR,unknown — no jurisdiction dataset,unknown,臺灣嘉義地方檢察署,臺灣嘉義地方檢察署,臺灣嘉義地方法院,臺灣嘉義地方法院,yes,05,05,yes,A (division/department/area); X (precinct/station); A (listed justice exceptions),MOI/NPA/Judicial Yuan/NCC; see audit source register
嘉義縣,六腳鄉,no,嘉義縣警察局,嘉義縣警察局,yes,unknown — not in CIBAR,unknown — no jurisdiction dataset,unknown,臺灣嘉義地方檢察署,臺灣嘉義地方檢察署,臺灣嘉義地方法院,臺灣嘉義地方法院,yes,05,05,yes,A (division/department/area); X (precinct/station); A (listed justice exceptions),MOI/NPA/Judicial Yuan/NCC; see audit source register
嘉義縣,東石鄉,no,嘉義縣警察局,嘉義縣警察局,yes,unknown — not in CIBAR,unknown — no jurisdiction dataset,unknown,臺灣嘉義地方檢察署,臺灣嘉義地方檢察署,臺灣嘉義地方法院,臺灣嘉義地方法院,yes,05,05,yes,A (division/department/area); X (precinct/station); A (listed justice exceptions),MOI/NPA/Judicial Yuan/NCC; see audit source register
嘉義縣,義竹鄉,no,嘉義縣警察局,嘉義縣警察局,yes,unknown — not in CIBAR,unknown — no jurisdiction dataset,unknown,臺灣嘉義地方檢察署,臺灣嘉義地方檢察署,臺灣嘉義地方法院,臺灣嘉義地方法院,yes,05,05,yes,A (division/department/area); X (precinct/station); A (listed justice exceptions),MOI/NPA/Judicial Yuan/NCC; see audit source register
嘉義縣,鹿草鄉,no,嘉義縣警察局,嘉義縣警察局,yes,unknown — not in CIBAR,unknown — no jurisdiction dataset,unknown,臺灣嘉義地方檢察署,臺灣嘉義地方檢察署,臺灣嘉義地方法院,臺灣嘉義地方法院,yes,05,05,yes,A (division/department/area); X (precinct/station); A (listed justice exceptions),MOI/NPA/Judicial Yuan/NCC; see audit source register
嘉義縣,水上鄉,no,嘉義縣警察局,嘉義縣警察局,yes,unknown — not in CIBAR,unknown — no jurisdiction dataset,unknown,臺灣嘉義地方檢察署,臺灣嘉義地方檢察署,臺灣嘉義地方法院,臺灣嘉義地方法院,yes,05,05,yes,A (division/department/area); X (precinct/station); A (listed justice exceptions),MOI/NPA/Judicial Yuan/NCC; see audit source register
嘉義縣,中埔鄉,no,嘉義縣警察局,嘉義縣警察局,yes,unknown — not in CIBAR,unknown — no jurisdiction dataset,unknown,臺灣嘉義地方檢察署,臺灣嘉義地方檢察署,臺灣嘉義地方法院,臺灣嘉義地方法院,yes,05,05,yes,A (division/department/area); X (precinct/station); A (listed justice exceptions),MOI/NPA/Judicial Yuan/NCC; see audit source register
嘉義縣,竹崎鄉,no,嘉義縣警察局,嘉義縣警察局,yes,unknown — not in CIBAR,unknown — no jurisdiction dataset,unknown,臺灣嘉義地方檢察署,臺灣嘉義地方檢察署,臺灣嘉義地方法院,臺灣嘉義地方法院,yes,05,05,yes,A (division/department/area); X (precinct/station); A (listed justice exceptions),MOI/NPA/Judicial Yuan/NCC; see audit source register
嘉義縣,梅山鄉,no,嘉義縣警察局,嘉義縣警察局,yes,unknown — not in CIBAR,unknown — no jurisdiction dataset,unknown,臺灣嘉義地方檢察署,臺灣嘉義地方檢察署,臺灣嘉義地方法院,臺灣嘉義地方法院,yes,05,05,yes,A (division/department/area); X (precinct/station); A (listed justice exceptions),MOI/NPA/Judicial Yuan/NCC; see audit source register
嘉義縣,番路鄉,no,嘉義縣警察局,嘉義縣警察局,yes,unknown — not in CIBAR,unknown — no jurisdiction dataset,unknown,臺灣嘉義地方檢察署,臺灣嘉義地方檢察署,臺灣嘉義地方法院,臺灣嘉義地方法院,yes,05,05,yes,A (division/department/area); X (precinct/station); A (listed justice exceptions),MOI/NPA/Judicial Yuan/NCC; see audit source register
嘉義縣,大埔鄉,no,嘉義縣警察局,嘉義縣警察局,yes,unknown — not in CIBAR,unknown — no jurisdiction dataset,unknown,臺灣嘉義地方檢察署,臺灣嘉義地方檢察署,臺灣嘉義地方法院,臺灣嘉義地方法院,yes,05,05,yes,A (division/department/area); X (precinct/station); A (listed justice exceptions),MOI/NPA/Judicial Yuan/NCC; see audit source register
嘉義縣,阿里山鄉,no,嘉義縣警察局,嘉義縣警察局,yes,unknown — not in CIBAR,unknown — no jurisdiction dataset,unknown,臺灣嘉義地方檢察署,臺灣嘉義地方檢察署,臺灣嘉義地方法院,臺灣嘉義地方法院,yes,05,05,yes,A (division/department/area); X (precinct/station); A (listed justice exceptions),MOI/NPA/Judicial Yuan/NCC; see audit source register
屏東縣,屏東市,yes,屏東縣政府警察局,屏東縣政府警察局,yes,unknown — not in CIBAR,unknown — no jurisdiction dataset,unknown,臺灣屏東地方檢察署,臺灣屏東地方檢察署,臺灣屏東地方法院,臺灣屏東地方法院,yes,08,08,yes,A (division/department/area); X (precinct/station); A (listed justice exceptions),MOI/NPA/Judicial Yuan/NCC; see audit source register
屏東縣,潮州鎮,no,屏東縣政府警察局,屏東縣政府警察局,yes,unknown — not in CIBAR,unknown — no jurisdiction dataset,unknown,臺灣屏東地方檢察署,臺灣屏東地方檢察署,臺灣屏東地方法院,臺灣屏東地方法院,yes,08,08,yes,A (division/department/area); X (precinct/station); A (listed justice exceptions),MOI/NPA/Judicial Yuan/NCC; see audit source register
屏東縣,東港鎮,no,屏東縣政府警察局,屏東縣政府警察局,yes,unknown — not in CIBAR,unknown — no jurisdiction dataset,unknown,臺灣屏東地方檢察署,臺灣屏東地方檢察署,臺灣屏東地方法院,臺灣屏東地方法院,yes,08,08,yes,A (division/department/area); X (precinct/station); A (listed justice exceptions),MOI/NPA/Judicial Yuan/NCC; see audit source register
屏東縣,恆春鎮,no,屏東縣政府警察局,屏東縣政府警察局,yes,unknown — not in CIBAR,unknown — no jurisdiction dataset,unknown,臺灣屏東地方檢察署,臺灣屏東地方檢察署,臺灣屏東地方法院,臺灣屏東地方法院,yes,08,08,yes,A (division/department/area); X (precinct/station); A (listed justice exceptions),MOI/NPA/Judicial Yuan/NCC; see audit source register
屏東縣,萬丹鄉,no,屏東縣政府警察局,屏東縣政府警察局,yes,unknown — not in CIBAR,unknown — no jurisdiction dataset,unknown,臺灣屏東地方檢察署,臺灣屏東地方檢察署,臺灣屏東地方法院,臺灣屏東地方法院,yes,08,08,yes,A (division/department/area); X (precinct/station); A (listed justice exceptions),MOI/NPA/Judicial Yuan/NCC; see audit source register
屏東縣,長治鄉,no,屏東縣政府警察局,屏東縣政府警察局,yes,unknown — not in CIBAR,unknown — no jurisdiction dataset,unknown,臺灣屏東地方檢察署,臺灣屏東地方檢察署,臺灣屏東地方法院,臺灣屏東地方法院,yes,08,08,yes,A (division/department/area); X (precinct/station); A (listed justice exceptions),MOI/NPA/Judicial Yuan/NCC; see audit source register
屏東縣,麟洛鄉,no,屏東縣政府警察局,屏東縣政府警察局,yes,unknown — not in CIBAR,unknown — no jurisdiction dataset,unknown,臺灣屏東地方檢察署,臺灣屏東地方檢察署,臺灣屏東地方法院,臺灣屏東地方法院,yes,08,08,yes,A (division/department/area); X (precinct/station); A (listed justice exceptions),MOI/NPA/Judicial Yuan/NCC; see audit source register
屏東縣,九如鄉,no,屏東縣政府警察局,屏東縣政府警察局,yes,unknown — not in CIBAR,unknown — no jurisdiction dataset,unknown,臺灣屏東地方檢察署,臺灣屏東地方檢察署,臺灣屏東地方法院,臺灣屏東地方法院,yes,08,08,yes,A (division/department/area); X (precinct/station); A (listed justice exceptions),MOI/NPA/Judicial Yuan/NCC; see audit source register
屏東縣,里港鄉,no,屏東縣政府警察局,屏東縣政府警察局,yes,unknown — not in CIBAR,unknown — no jurisdiction dataset,unknown,臺灣屏東地方檢察署,臺灣屏東地方檢察署,臺灣屏東地方法院,臺灣屏東地方法院,yes,08,08,yes,A (division/department/area); X (precinct/station); A (listed justice exceptions),MOI/NPA/Judicial Yuan/NCC; see audit source register
屏東縣,鹽埔鄉,no,屏東縣政府警察局,屏東縣政府警察局,yes,unknown — not in CIBAR,unknown — no jurisdiction dataset,unknown,臺灣屏東地方檢察署,臺灣屏東地方檢察署,臺灣屏東地方法院,臺灣屏東地方法院,yes,08,08,yes,A (division/department/area); X (precinct/station); A (listed justice exceptions),MOI/NPA/Judicial Yuan/NCC; see audit source register
屏東縣,高樹鄉,no,屏東縣政府警察局,屏東縣政府警察局,yes,unknown — not in CIBAR,unknown — no jurisdiction dataset,unknown,臺灣屏東地方檢察署,臺灣屏東地方檢察署,臺灣屏東地方法院,臺灣屏東地方法院,yes,08,08,yes,A (division/department/area); X (precinct/station); A (listed justice exceptions),MOI/NPA/Judicial Yuan/NCC; see audit source register
屏東縣,萬巒鄉,no,屏東縣政府警察局,屏東縣政府警察局,yes,unknown — not in CIBAR,unknown — no jurisdiction dataset,unknown,臺灣屏東地方檢察署,臺灣屏東地方檢察署,臺灣屏東地方法院,臺灣屏東地方法院,yes,08,08,yes,A (division/department/area); X (precinct/station); A (listed justice exceptions),MOI/NPA/Judicial Yuan/NCC; see audit source register
屏東縣,內埔鄉,no,屏東縣政府警察局,屏東縣政府警察局,yes,unknown — not in CIBAR,unknown — no jurisdiction dataset,unknown,臺灣屏東地方檢察署,臺灣屏東地方檢察署,臺灣屏東地方法院,臺灣屏東地方法院,yes,08,08,yes,A (division/department/area); X (precinct/station); A (listed justice exceptions),MOI/NPA/Judicial Yuan/NCC; see audit source register
屏東縣,竹田鄉,no,屏東縣政府警察局,屏東縣政府警察局,yes,unknown — not in CIBAR,unknown — no jurisdiction dataset,unknown,臺灣屏東地方檢察署,臺灣屏東地方檢察署,臺灣屏東地方法院,臺灣屏東地方法院,yes,08,08,yes,A (division/department/area); X (precinct/station); A (listed justice exceptions),MOI/NPA/Judicial Yuan/NCC; see audit source register
屏東縣,新埤鄉,no,屏東縣政府警察局,屏東縣政府警察局,yes,unknown — not in CIBAR,unknown — no jurisdiction dataset,unknown,臺灣屏東地方檢察署,臺灣屏東地方檢察署,臺灣屏東地方法院,臺灣屏東地方法院,yes,08,08,yes,A (division/department/area); X (precinct/station); A (listed justice exceptions),MOI/NPA/Judicial Yuan/NCC; see audit source register
屏東縣,枋寮鄉,no,屏東縣政府警察局,屏東縣政府警察局,yes,unknown — not in CIBAR,unknown — no jurisdiction dataset,unknown,臺灣屏東地方檢察署,臺灣屏東地方檢察署,臺灣屏東地方法院,臺灣屏東地方法院,yes,08,08,yes,A (division/department/area); X (precinct/station); A (listed justice exceptions),MOI/NPA/Judicial Yuan/NCC; see audit source register
屏東縣,新園鄉,no,屏東縣政府警察局,屏東縣政府警察局,yes,unknown — not in CIBAR,unknown — no jurisdiction dataset,unknown,臺灣屏東地方檢察署,臺灣屏東地方檢察署,臺灣屏東地方法院,臺灣屏東地方法院,yes,08,08,yes,A (division/department/area); X (precinct/station); A (listed justice exceptions),MOI/NPA/Judicial Yuan/NCC; see audit source register
屏東縣,崁頂鄉,no,屏東縣政府警察局,屏東縣政府警察局,yes,unknown — not in CIBAR,unknown — no jurisdiction dataset,unknown,臺灣屏東地方檢察署,臺灣屏東地方檢察署,臺灣屏東地方法院,臺灣屏東地方法院,yes,08,08,yes,A (division/department/area); X (precinct/station); A (listed justice exceptions),MOI/NPA/Judicial Yuan/NCC; see audit source register
屏東縣,林邊鄉,no,屏東縣政府警察局,屏東縣政府警察局,yes,unknown — not in CIBAR,unknown — no jurisdiction dataset,unknown,臺灣屏東地方檢察署,臺灣屏東地方檢察署,臺灣屏東地方法院,臺灣屏東地方法院,yes,08,08,yes,A (division/department/area); X (precinct/station); A (listed justice exceptions),MOI/NPA/Judicial Yuan/NCC; see audit source register
屏東縣,南州鄉,no,屏東縣政府警察局,屏東縣政府警察局,yes,unknown — not in CIBAR,unknown — no jurisdiction dataset,unknown,臺灣屏東地方檢察署,臺灣屏東地方檢察署,臺灣屏東地方法院,臺灣屏東地方法院,yes,08,08,yes,A (division/department/area); X (precinct/station); A (listed justice exceptions),MOI/NPA/Judicial Yuan/NCC; see audit source register
屏東縣,佳冬鄉,no,屏東縣政府警察局,屏東縣政府警察局,yes,unknown — not in CIBAR,unknown — no jurisdiction dataset,unknown,臺灣屏東地方檢察署,臺灣屏東地方檢察署,臺灣屏東地方法院,臺灣屏東地方法院,yes,08,08,yes,A (division/department/area); X (precinct/station); A (listed justice exceptions),MOI/NPA/Judicial Yuan/NCC; see audit source register
屏東縣,琉球鄉,no,屏東縣政府警察局,屏東縣政府警察局,yes,unknown — not in CIBAR,unknown — no jurisdiction dataset,unknown,臺灣屏東地方檢察署,臺灣屏東地方檢察署,臺灣屏東地方法院,臺灣屏東地方法院,yes,08,08,yes,A (division/department/area); X (precinct/station); A (listed justice exceptions),MOI/NPA/Judicial Yuan/NCC; see audit source register
屏東縣,車城鄉,no,屏東縣政府警察局,屏東縣政府警察局,yes,unknown — not in CIBAR,unknown — no jurisdiction dataset,unknown,臺灣屏東地方檢察署,臺灣屏東地方檢察署,臺灣屏東地方法院,臺灣屏東地方法院,yes,08,08,yes,A (division/department/area); X (precinct/station); A (listed justice exceptions),MOI/NPA/Judicial Yuan/NCC; see audit source register
屏東縣,滿州鄉,no,屏東縣政府警察局,屏東縣政府警察局,yes,unknown — not in CIBAR,unknown — no jurisdiction dataset,unknown,臺灣屏東地方檢察署,臺灣屏東地方檢察署,臺灣屏東地方法院,臺灣屏東地方法院,yes,08,08,yes,A (division/department/area); X (precinct/station); A (listed justice exceptions),MOI/NPA/Judicial Yuan/NCC; see audit source register
屏東縣,枋山鄉,no,屏東縣政府警察局,屏東縣政府警察局,yes,unknown — not in CIBAR,unknown — no jurisdiction dataset,unknown,臺灣屏東地方檢察署,臺灣屏東地方檢察署,臺灣屏東地方法院,臺灣屏東地方法院,yes,08,08,yes,A (division/department/area); X (precinct/station); A (listed justice exceptions),MOI/NPA/Judicial Yuan/NCC; see audit source register
屏東縣,三地門鄉,no,屏東縣政府警察局,屏東縣政府警察局,yes,unknown — not in CIBAR,unknown — no jurisdiction dataset,unknown,臺灣屏東地方檢察署,臺灣屏東地方檢察署,臺灣屏東地方法院,臺灣屏東地方法院,yes,08,08,yes,A (division/department/area); X (precinct/station); A (listed justice exceptions),MOI/NPA/Judicial Yuan/NCC; see audit source register
屏東縣,霧臺鄉,no,屏東縣政府警察局,屏東縣政府警察局,yes,unknown — not in CIBAR,unknown — no jurisdiction dataset,unknown,臺灣屏東地方檢察署,臺灣屏東地方檢察署,臺灣屏東地方法院,臺灣屏東地方法院,yes,08,08,yes,A (division/department/area); X (precinct/station); A (listed justice exceptions),MOI/NPA/Judicial Yuan/NCC; see audit source register
屏東縣,瑪家鄉,no,屏東縣政府警察局,屏東縣政府警察局,yes,unknown — not in CIBAR,unknown — no jurisdiction dataset,unknown,臺灣屏東地方檢察署,臺灣屏東地方檢察署,臺灣屏東地方法院,臺灣屏東地方法院,yes,08,08,yes,A (division/department/area); X (precinct/station); A (listed justice exceptions),MOI/NPA/Judicial Yuan/NCC; see audit source register
屏東縣,泰武鄉,no,屏東縣政府警察局,屏東縣政府警察局,yes,unknown — not in CIBAR,unknown — no jurisdiction dataset,unknown,臺灣屏東地方檢察署,臺灣屏東地方檢察署,臺灣屏東地方法院,臺灣屏東地方法院,yes,08,08,yes,A (division/department/area); X (precinct/station); A (listed justice exceptions),MOI/NPA/Judicial Yuan/NCC; see audit source register
屏東縣,來義鄉,no,屏東縣政府警察局,屏東縣政府警察局,yes,unknown — not in CIBAR,unknown — no jurisdiction dataset,unknown,臺灣屏東地方檢察署,臺灣屏東地方檢察署,臺灣屏東地方法院,臺灣屏東地方法院,yes,08,08,yes,A (division/department/area); X (precinct/station); A (listed justice exceptions),MOI/NPA/Judicial Yuan/NCC; see audit source register
屏東縣,春日鄉,no,屏東縣政府警察局,屏東縣政府警察局,yes,unknown — not in CIBAR,unknown — no jurisdiction dataset,unknown,臺灣屏東地方檢察署,臺灣屏東地方檢察署,臺灣屏東地方法院,臺灣屏東地方法院,yes,08,08,yes,A (division/department/area); X (precinct/station); A (listed justice exceptions),MOI/NPA/Judicial Yuan/NCC; see audit source register
屏東縣,獅子鄉,no,屏東縣政府警察局,屏東縣政府警察局,yes,unknown — not in CIBAR,unknown — no jurisdiction dataset,unknown,臺灣屏東地方檢察署,臺灣屏東地方檢察署,臺灣屏東地方法院,臺灣屏東地方法院,yes,08,08,yes,A (division/department/area); X (precinct/station); A (listed justice exceptions),MOI/NPA/Judicial Yuan/NCC; see audit source register
屏東縣,牡丹鄉,no,屏東縣政府警察局,屏東縣政府警察局,yes,unknown — not in CIBAR,unknown — no jurisdiction dataset,unknown,臺灣屏東地方檢察署,臺灣屏東地方檢察署,臺灣屏東地方法院,臺灣屏東地方法院,yes,08,08,yes,A (division/department/area); X (precinct/station); A (listed justice exceptions),MOI/NPA/Judicial Yuan/NCC; see audit source register
宜蘭縣,宜蘭市,yes,宜蘭縣政府警察局,宜蘭縣政府警察局,yes,unknown — not in CIBAR,unknown — no jurisdiction dataset,unknown,臺灣宜蘭地方檢察署,臺灣宜蘭地方檢察署,臺灣宜蘭地方法院,臺灣宜蘭地方法院,yes,03,03,yes,A (division/department/area); X (precinct/station); A (listed justice exceptions),MOI/NPA/Judicial Yuan/NCC; see audit source register
宜蘭縣,羅東鎮,no,宜蘭縣政府警察局,宜蘭縣政府警察局,yes,unknown — not in CIBAR,unknown — no jurisdiction dataset,unknown,臺灣宜蘭地方檢察署,臺灣宜蘭地方檢察署,臺灣宜蘭地方法院,臺灣宜蘭地方法院,yes,03,03,yes,A (division/department/area); X (precinct/station); A (listed justice exceptions),MOI/NPA/Judicial Yuan/NCC; see audit source register
宜蘭縣,蘇澳鎮,no,宜蘭縣政府警察局,宜蘭縣政府警察局,yes,unknown — not in CIBAR,unknown — no jurisdiction dataset,unknown,臺灣宜蘭地方檢察署,臺灣宜蘭地方檢察署,臺灣宜蘭地方法院,臺灣宜蘭地方法院,yes,03,03,yes,A (division/department/area); X (precinct/station); A (listed justice exceptions),MOI/NPA/Judicial Yuan/NCC; see audit source register
宜蘭縣,頭城鎮,no,宜蘭縣政府警察局,宜蘭縣政府警察局,yes,unknown — not in CIBAR,unknown — no jurisdiction dataset,unknown,臺灣宜蘭地方檢察署,臺灣宜蘭地方檢察署,臺灣宜蘭地方法院,臺灣宜蘭地方法院,yes,03,03,yes,A (division/department/area); X (precinct/station); A (listed justice exceptions),MOI/NPA/Judicial Yuan/NCC; see audit source register
宜蘭縣,礁溪鄉,no,宜蘭縣政府警察局,宜蘭縣政府警察局,yes,unknown — not in CIBAR,unknown — no jurisdiction dataset,unknown,臺灣宜蘭地方檢察署,臺灣宜蘭地方檢察署,臺灣宜蘭地方法院,臺灣宜蘭地方法院,yes,03,03,yes,A (division/department/area); X (precinct/station); A (listed justice exceptions),MOI/NPA/Judicial Yuan/NCC; see audit source register
宜蘭縣,壯圍鄉,no,宜蘭縣政府警察局,宜蘭縣政府警察局,yes,unknown — not in CIBAR,unknown — no jurisdiction dataset,unknown,臺灣宜蘭地方檢察署,臺灣宜蘭地方檢察署,臺灣宜蘭地方法院,臺灣宜蘭地方法院,yes,03,03,yes,A (division/department/area); X (precinct/station); A (listed justice exceptions),MOI/NPA/Judicial Yuan/NCC; see audit source register
宜蘭縣,員山鄉,no,宜蘭縣政府警察局,宜蘭縣政府警察局,yes,unknown — not in CIBAR,unknown — no jurisdiction dataset,unknown,臺灣宜蘭地方檢察署,臺灣宜蘭地方檢察署,臺灣宜蘭地方法院,臺灣宜蘭地方法院,yes,03,03,yes,A (division/department/area); X (precinct/station); A (listed justice exceptions),MOI/NPA/Judicial Yuan/NCC; see audit source register
宜蘭縣,冬山鄉,no,宜蘭縣政府警察局,宜蘭縣政府警察局,yes,unknown — not in CIBAR,unknown — no jurisdiction dataset,unknown,臺灣宜蘭地方檢察署,臺灣宜蘭地方檢察署,臺灣宜蘭地方法院,臺灣宜蘭地方法院,yes,03,03,yes,A (division/department/area); X (precinct/station); A (listed justice exceptions),MOI/NPA/Judicial Yuan/NCC; see audit source register
宜蘭縣,五結鄉,no,宜蘭縣政府警察局,宜蘭縣政府警察局,yes,unknown — not in CIBAR,unknown — no jurisdiction dataset,unknown,臺灣宜蘭地方檢察署,臺灣宜蘭地方檢察署,臺灣宜蘭地方法院,臺灣宜蘭地方法院,yes,03,03,yes,A (division/department/area); X (precinct/station); A (listed justice exceptions),MOI/NPA/Judicial Yuan/NCC; see audit source register
宜蘭縣,三星鄉,no,宜蘭縣政府警察局,宜蘭縣政府警察局,yes,unknown — not in CIBAR,unknown — no jurisdiction dataset,unknown,臺灣宜蘭地方檢察署,臺灣宜蘭地方檢察署,臺灣宜蘭地方法院,臺灣宜蘭地方法院,yes,03,03,yes,A (division/department/area); X (precinct/station); A (listed justice exceptions),MOI/NPA/Judicial Yuan/NCC; see audit source register
宜蘭縣,大同鄉,no,宜蘭縣政府警察局,宜蘭縣政府警察局,yes,unknown — not in CIBAR,unknown — no jurisdiction dataset,unknown,臺灣宜蘭地方檢察署,臺灣宜蘭地方檢察署,臺灣宜蘭地方法院,臺灣宜蘭地方法院,yes,03,03,yes,A (division/department/area); X (precinct/station); A (listed justice exceptions),MOI/NPA/Judicial Yuan/NCC; see audit source register
宜蘭縣,南澳鄉,no,宜蘭縣政府警察局,宜蘭縣政府警察局,yes,unknown — not in CIBAR,unknown — no jurisdiction dataset,unknown,臺灣宜蘭地方檢察署,臺灣宜蘭地方檢察署,臺灣宜蘭地方法院,臺灣宜蘭地方法院,yes,03,03,yes,A (division/department/area); X (precinct/station); A (listed justice exceptions),MOI/NPA/Judicial Yuan/NCC; see audit source register
花蓮縣,花蓮市,yes,花蓮縣警察局,花蓮縣警察局,yes,unknown — not in CIBAR,unknown — no jurisdiction dataset,unknown,臺灣花蓮地方檢察署,臺灣花蓮地方檢察署,臺灣花蓮地方法院,臺灣花蓮地方法院,yes,03,03,yes,A (division/department/area); X (precinct/station); A (listed justice exceptions),MOI/NPA/Judicial Yuan/NCC; see audit source register
花蓮縣,鳳林鎮,no,花蓮縣警察局,花蓮縣警察局,yes,unknown — not in CIBAR,unknown — no jurisdiction dataset,unknown,臺灣花蓮地方檢察署,臺灣花蓮地方檢察署,臺灣花蓮地方法院,臺灣花蓮地方法院,yes,03,03,yes,A (division/department/area); X (precinct/station); A (listed justice exceptions),MOI/NPA/Judicial Yuan/NCC; see audit source register
花蓮縣,玉里鎮,no,花蓮縣警察局,花蓮縣警察局,yes,unknown — not in CIBAR,unknown — no jurisdiction dataset,unknown,臺灣花蓮地方檢察署,臺灣花蓮地方檢察署,臺灣花蓮地方法院,臺灣花蓮地方法院,yes,03,03,yes,A (division/department/area); X (precinct/station); A (listed justice exceptions),MOI/NPA/Judicial Yuan/NCC; see audit source register
花蓮縣,新城鄉,no,花蓮縣警察局,花蓮縣警察局,yes,unknown — not in CIBAR,unknown — no jurisdiction dataset,unknown,臺灣花蓮地方檢察署,臺灣花蓮地方檢察署,臺灣花蓮地方法院,臺灣花蓮地方法院,yes,03,03,yes,A (division/department/area); X (precinct/station); A (listed justice exceptions),MOI/NPA/Judicial Yuan/NCC; see audit source register
花蓮縣,吉安鄉,no,花蓮縣警察局,花蓮縣警察局,yes,unknown — not in CIBAR,unknown — no jurisdiction dataset,unknown,臺灣花蓮地方檢察署,臺灣花蓮地方檢察署,臺灣花蓮地方法院,臺灣花蓮地方法院,yes,03,03,yes,A (division/department/area); X (precinct/station); A (listed justice exceptions),MOI/NPA/Judicial Yuan/NCC; see audit source register
花蓮縣,壽豐鄉,no,花蓮縣警察局,花蓮縣警察局,yes,unknown — not in CIBAR,unknown — no jurisdiction dataset,unknown,臺灣花蓮地方檢察署,臺灣花蓮地方檢察署,臺灣花蓮地方法院,臺灣花蓮地方法院,yes,03,03,yes,A (division/department/area); X (precinct/station); A (listed justice exceptions),MOI/NPA/Judicial Yuan/NCC; see audit source register
花蓮縣,光復鄉,no,花蓮縣警察局,花蓮縣警察局,yes,unknown — not in CIBAR,unknown — no jurisdiction dataset,unknown,臺灣花蓮地方檢察署,臺灣花蓮地方檢察署,臺灣花蓮地方法院,臺灣花蓮地方法院,yes,03,03,yes,A (division/department/area); X (precinct/station); A (listed justice exceptions),MOI/NPA/Judicial Yuan/NCC; see audit source register
花蓮縣,豐濱鄉,no,花蓮縣警察局,花蓮縣警察局,yes,unknown — not in CIBAR,unknown — no jurisdiction dataset,unknown,臺灣花蓮地方檢察署,臺灣花蓮地方檢察署,臺灣花蓮地方法院,臺灣花蓮地方法院,yes,03,03,yes,A (division/department/area); X (precinct/station); A (listed justice exceptions),MOI/NPA/Judicial Yuan/NCC; see audit source register
花蓮縣,瑞穗鄉,no,花蓮縣警察局,花蓮縣警察局,yes,unknown — not in CIBAR,unknown — no jurisdiction dataset,unknown,臺灣花蓮地方檢察署,臺灣花蓮地方檢察署,臺灣花蓮地方法院,臺灣花蓮地方法院,yes,03,03,yes,A (division/department/area); X (precinct/station); A (listed justice exceptions),MOI/NPA/Judicial Yuan/NCC; see audit source register
花蓮縣,富里鄉,no,花蓮縣警察局,花蓮縣警察局,yes,unknown — not in CIBAR,unknown — no jurisdiction dataset,unknown,臺灣花蓮地方檢察署,臺灣花蓮地方檢察署,臺灣花蓮地方法院,臺灣花蓮地方法院,yes,03,03,yes,A (division/department/area); X (precinct/station); A (listed justice exceptions),MOI/NPA/Judicial Yuan/NCC; see audit source register
花蓮縣,秀林鄉,no,花蓮縣警察局,花蓮縣警察局,yes,unknown — not in CIBAR,unknown — no jurisdiction dataset,unknown,臺灣花蓮地方檢察署,臺灣花蓮地方檢察署,臺灣花蓮地方法院,臺灣花蓮地方法院,yes,03,03,yes,A (division/department/area); X (precinct/station); A (listed justice exceptions),MOI/NPA/Judicial Yuan/NCC; see audit source register
花蓮縣,萬榮鄉,no,花蓮縣警察局,花蓮縣警察局,yes,unknown — not in CIBAR,unknown — no jurisdiction dataset,unknown,臺灣花蓮地方檢察署,臺灣花蓮地方檢察署,臺灣花蓮地方法院,臺灣花蓮地方法院,yes,03,03,yes,A (division/department/area); X (precinct/station); A (listed justice exceptions),MOI/NPA/Judicial Yuan/NCC; see audit source register
花蓮縣,卓溪鄉,no,花蓮縣警察局,花蓮縣警察局,yes,unknown — not in CIBAR,unknown — no jurisdiction dataset,unknown,臺灣花蓮地方檢察署,臺灣花蓮地方檢察署,臺灣花蓮地方法院,臺灣花蓮地方法院,yes,03,03,yes,A (division/department/area); X (precinct/station); A (listed justice exceptions),MOI/NPA/Judicial Yuan/NCC; see audit source register
臺東縣,臺東市,yes,臺東縣警察局,臺東縣警察局,yes,unknown — not in CIBAR,unknown — no jurisdiction dataset,unknown,臺灣臺東地方檢察署,臺灣臺東地方檢察署,臺灣臺東地方法院,臺灣臺東地方法院,yes,089,089,yes,A (division/department/area); X (precinct/station); A (listed justice exceptions),MOI/NPA/Judicial Yuan/NCC; see audit source register
臺東縣,成功鎮,no,臺東縣警察局,臺東縣警察局,yes,unknown — not in CIBAR,unknown — no jurisdiction dataset,unknown,臺灣臺東地方檢察署,臺灣臺東地方檢察署,臺灣臺東地方法院,臺灣臺東地方法院,yes,089,089,yes,A (division/department/area); X (precinct/station); A (listed justice exceptions),MOI/NPA/Judicial Yuan/NCC; see audit source register
臺東縣,關山鎮,no,臺東縣警察局,臺東縣警察局,yes,unknown — not in CIBAR,unknown — no jurisdiction dataset,unknown,臺灣臺東地方檢察署,臺灣臺東地方檢察署,臺灣臺東地方法院,臺灣臺東地方法院,yes,089,089,yes,A (division/department/area); X (precinct/station); A (listed justice exceptions),MOI/NPA/Judicial Yuan/NCC; see audit source register
臺東縣,卑南鄉,no,臺東縣警察局,臺東縣警察局,yes,unknown — not in CIBAR,unknown — no jurisdiction dataset,unknown,臺灣臺東地方檢察署,臺灣臺東地方檢察署,臺灣臺東地方法院,臺灣臺東地方法院,yes,089,089,yes,A (division/department/area); X (precinct/station); A (listed justice exceptions),MOI/NPA/Judicial Yuan/NCC; see audit source register
臺東縣,鹿野鄉,no,臺東縣警察局,臺東縣警察局,yes,unknown — not in CIBAR,unknown — no jurisdiction dataset,unknown,臺灣臺東地方檢察署,臺灣臺東地方檢察署,臺灣臺東地方法院,臺灣臺東地方法院,yes,089,089,yes,A (division/department/area); X (precinct/station); A (listed justice exceptions),MOI/NPA/Judicial Yuan/NCC; see audit source register
臺東縣,池上鄉,no,臺東縣警察局,臺東縣警察局,yes,unknown — not in CIBAR,unknown — no jurisdiction dataset,unknown,臺灣臺東地方檢察署,臺灣臺東地方檢察署,臺灣臺東地方法院,臺灣臺東地方法院,yes,089,089,yes,A (division/department/area); X (precinct/station); A (listed justice exceptions),MOI/NPA/Judicial Yuan/NCC; see audit source register
臺東縣,東河鄉,no,臺東縣警察局,臺東縣警察局,yes,unknown — not in CIBAR,unknown — no jurisdiction dataset,unknown,臺灣臺東地方檢察署,臺灣臺東地方檢察署,臺灣臺東地方法院,臺灣臺東地方法院,yes,089,089,yes,A (division/department/area); X (precinct/station); A (listed justice exceptions),MOI/NPA/Judicial Yuan/NCC; see audit source register
臺東縣,長濱鄉,no,臺東縣警察局,臺東縣警察局,yes,unknown — not in CIBAR,unknown — no jurisdiction dataset,unknown,臺灣臺東地方檢察署,臺灣臺東地方檢察署,臺灣臺東地方法院,臺灣臺東地方法院,yes,089,089,yes,A (division/department/area); X (precinct/station); A (listed justice exceptions),MOI/NPA/Judicial Yuan/NCC; see audit source register
臺東縣,太麻里鄉,no,臺東縣警察局,臺東縣警察局,yes,unknown — not in CIBAR,unknown — no jurisdiction dataset,unknown,臺灣臺東地方檢察署,臺灣臺東地方檢察署,臺灣臺東地方法院,臺灣臺東地方法院,yes,089,089,yes,A (division/department/area); X (precinct/station); A (listed justice exceptions),MOI/NPA/Judicial Yuan/NCC; see audit source register
臺東縣,大武鄉,no,臺東縣警察局,臺東縣警察局,yes,unknown — not in CIBAR,unknown — no jurisdiction dataset,unknown,臺灣臺東地方檢察署,臺灣臺東地方檢察署,臺灣臺東地方法院,臺灣臺東地方法院,yes,089,089,yes,A (division/department/area); X (precinct/station); A (listed justice exceptions),MOI/NPA/Judicial Yuan/NCC; see audit source register
臺東縣,綠島鄉,no,臺東縣警察局,臺東縣警察局,yes,unknown — not in CIBAR,unknown — no jurisdiction dataset,unknown,臺灣臺東地方檢察署,臺灣臺東地方檢察署,臺灣臺東地方法院,臺灣臺東地方法院,yes,089,089,yes,A (division/department/area); X (precinct/station); A (listed justice exceptions),MOI/NPA/Judicial Yuan/NCC; see audit source register
臺東縣,海端鄉,no,臺東縣警察局,臺東縣警察局,yes,unknown — not in CIBAR,unknown — no jurisdiction dataset,unknown,臺灣臺東地方檢察署,臺灣臺東地方檢察署,臺灣臺東地方法院,臺灣臺東地方法院,yes,089,089,yes,A (division/department/area); X (precinct/station); A (listed justice exceptions),MOI/NPA/Judicial Yuan/NCC; see audit source register
臺東縣,延平鄉,no,臺東縣警察局,臺東縣警察局,yes,unknown — not in CIBAR,unknown — no jurisdiction dataset,unknown,臺灣臺東地方檢察署,臺灣臺東地方檢察署,臺灣臺東地方法院,臺灣臺東地方法院,yes,089,089,yes,A (division/department/area); X (precinct/station); A (listed justice exceptions),MOI/NPA/Judicial Yuan/NCC; see audit source register
臺東縣,金峰鄉,no,臺東縣警察局,臺東縣警察局,yes,unknown — not in CIBAR,unknown — no jurisdiction dataset,unknown,臺灣臺東地方檢察署,臺灣臺東地方檢察署,臺灣臺東地方法院,臺灣臺東地方法院,yes,089,089,yes,A (division/department/area); X (precinct/station); A (listed justice exceptions),MOI/NPA/Judicial Yuan/NCC; see audit source register
臺東縣,達仁鄉,no,臺東縣警察局,臺東縣警察局,yes,unknown — not in CIBAR,unknown — no jurisdiction dataset,unknown,臺灣臺東地方檢察署,臺灣臺東地方檢察署,臺灣臺東地方法院,臺灣臺東地方法院,yes,089,089,yes,A (division/department/area); X (precinct/station); A (listed justice exceptions),MOI/NPA/Judicial Yuan/NCC; see audit source register
臺東縣,蘭嶼鄉,no,臺東縣警察局,臺東縣警察局,yes,unknown — not in CIBAR,unknown — no jurisdiction dataset,unknown,臺灣臺東地方檢察署,臺灣臺東地方檢察署,臺灣臺東地方法院,臺灣臺東地方法院,yes,089,089,yes,A (division/department/area); X (precinct/station); A (listed justice exceptions),MOI/NPA/Judicial Yuan/NCC; see audit source register
澎湖縣,馬公市,yes,澎湖縣警察局,澎湖縣警察局,yes,unknown — not in CIBAR,unknown — no jurisdiction dataset,unknown,臺灣澎湖地方檢察署,臺灣澎湖地方檢察署,臺灣澎湖地方法院,臺灣澎湖地方法院,yes,06,06,yes,A (division/department/area); X (precinct/station); A (listed justice exceptions),MOI/NPA/Judicial Yuan/NCC; see audit source register
澎湖縣,湖西鄉,no,澎湖縣警察局,澎湖縣警察局,yes,unknown — not in CIBAR,unknown — no jurisdiction dataset,unknown,臺灣澎湖地方檢察署,臺灣澎湖地方檢察署,臺灣澎湖地方法院,臺灣澎湖地方法院,yes,06,06,yes,A (division/department/area); X (precinct/station); A (listed justice exceptions),MOI/NPA/Judicial Yuan/NCC; see audit source register
澎湖縣,白沙鄉,no,澎湖縣警察局,澎湖縣警察局,yes,unknown — not in CIBAR,unknown — no jurisdiction dataset,unknown,臺灣澎湖地方檢察署,臺灣澎湖地方檢察署,臺灣澎湖地方法院,臺灣澎湖地方法院,yes,06,06,yes,A (division/department/area); X (precinct/station); A (listed justice exceptions),MOI/NPA/Judicial Yuan/NCC; see audit source register
澎湖縣,西嶼鄉,no,澎湖縣警察局,澎湖縣警察局,yes,unknown — not in CIBAR,unknown — no jurisdiction dataset,unknown,臺灣澎湖地方檢察署,臺灣澎湖地方檢察署,臺灣澎湖地方法院,臺灣澎湖地方法院,yes,06,06,yes,A (division/department/area); X (precinct/station); A (listed justice exceptions),MOI/NPA/Judicial Yuan/NCC; see audit source register
澎湖縣,望安鄉,no,澎湖縣警察局,澎湖縣警察局,yes,unknown — not in CIBAR,unknown — no jurisdiction dataset,unknown,臺灣澎湖地方檢察署,臺灣澎湖地方檢察署,臺灣澎湖地方法院,臺灣澎湖地方法院,yes,06,06,yes,A (division/department/area); X (precinct/station); A (listed justice exceptions),MOI/NPA/Judicial Yuan/NCC; see audit source register
澎湖縣,七美鄉,no,澎湖縣警察局,澎湖縣警察局,yes,unknown — not in CIBAR,unknown — no jurisdiction dataset,unknown,臺灣澎湖地方檢察署,臺灣澎湖地方檢察署,臺灣澎湖地方法院,臺灣澎湖地方法院,yes,06,06,yes,A (division/department/area); X (precinct/station); A (listed justice exceptions),MOI/NPA/Judicial Yuan/NCC; see audit source register
金門縣,金城鎮,yes,金門縣警察局,金門縣警察局,yes,unknown — not in CIBAR,unknown — no jurisdiction dataset,unknown,福建金門地方檢察署,福建金門地方檢察署,福建金門地方法院,福建金門地方法院,yes,082,082,yes,A (division/department/area); X (precinct/station); A (listed justice exceptions),MOI/NPA/Judicial Yuan/NCC; see audit source register
金門縣,金沙鎮,no,金門縣警察局,金門縣警察局,yes,unknown — not in CIBAR,unknown — no jurisdiction dataset,unknown,福建金門地方檢察署,福建金門地方檢察署,福建金門地方法院,福建金門地方法院,yes,082,082,yes,A (division/department/area); X (precinct/station); A (listed justice exceptions),MOI/NPA/Judicial Yuan/NCC; see audit source register
金門縣,金湖鎮,no,金門縣警察局,金門縣警察局,yes,unknown — not in CIBAR,unknown — no jurisdiction dataset,unknown,福建金門地方檢察署,福建金門地方檢察署,福建金門地方法院,福建金門地方法院,yes,082,082,yes,A (division/department/area); X (precinct/station); A (listed justice exceptions),MOI/NPA/Judicial Yuan/NCC; see audit source register
金門縣,金寧鄉,no,金門縣警察局,金門縣警察局,yes,unknown — not in CIBAR,unknown — no jurisdiction dataset,unknown,福建金門地方檢察署,福建金門地方檢察署,福建金門地方法院,福建金門地方法院,yes,082,082,yes,A (division/department/area); X (precinct/station); A (listed justice exceptions),MOI/NPA/Judicial Yuan/NCC; see audit source register
金門縣,烈嶼鄉,no,金門縣警察局,金門縣警察局,yes,unknown — not in CIBAR,unknown — no jurisdiction dataset,unknown,福建金門地方檢察署,福建金門地方檢察署,福建金門地方法院,福建金門地方法院,yes,082,082,yes,A (division/department/area); X (precinct/station); A (listed justice exceptions),MOI/NPA/Judicial Yuan/NCC; see audit source register
金門縣,烏坵鄉,no,金門縣警察局,金門縣警察局,yes,unknown — not in CIBAR,unknown — no jurisdiction dataset,unknown,福建金門地方檢察署,福建金門地方檢察署,福建金門地方法院,福建金門地方法院,yes,082,0826,no,A (division/department/area exception); X (precinct/station); A (justice),MOI/NPA/Judicial Yuan/NCC; see audit source register
連江縣,南竿鄉,yes,連江縣警察局,連江縣警察局,yes,unknown — not in CIBAR,unknown — no jurisdiction dataset,unknown,福建連江地方檢察署,福建連江地方檢察署,福建連江地方法院,福建連江地方法院,yes,0836,0836,yes,A (division/department/area); X (precinct/station); A (listed justice exceptions),MOI/NPA/Judicial Yuan/NCC; see audit source register
連江縣,北竿鄉,no,連江縣警察局,連江縣警察局,yes,unknown — not in CIBAR,unknown — no jurisdiction dataset,unknown,福建連江地方檢察署,福建連江地方檢察署,福建連江地方法院,福建連江地方法院,yes,0836,0836,yes,A (division/department/area); X (precinct/station); A (listed justice exceptions),MOI/NPA/Judicial Yuan/NCC; see audit source register
連江縣,莒光鄉,no,連江縣警察局,連江縣警察局,yes,unknown — not in CIBAR,unknown — no jurisdiction dataset,unknown,福建連江地方檢察署,福建連江地方檢察署,福建連江地方法院,福建連江地方法院,yes,0836,0836,yes,A (division/department/area); X (precinct/station); A (listed justice exceptions),MOI/NPA/Judicial Yuan/NCC; see audit source register
連江縣,東引鄉,no,連江縣警察局,連江縣警察局,yes,unknown — not in CIBAR,unknown — no jurisdiction dataset,unknown,福建連江地方檢察署,福建連江地方檢察署,福建連江地方法院,福建連江地方法院,yes,0836,0836,yes,A (division/department/area); X (precinct/station); A (listed justice exceptions),MOI/NPA/Judicial Yuan/NCC; see audit source register
